taxon,prev,prev0,prev1,med0,q10,q30,med1,q11,q31,mean0,sd0,mean1,sd1,p_w,p_t,direction,q_primary,q_all409,q_welch
Porphyromonas gingivalis,0.5588235294117647,0.375,1.0,0.0,0.0,6.25,72.5,24.75,199.5,14.125,50.199584056410465,280.6666666666667,678.8723069881422,7.472486009139783e-12,0.040157000733775684,Higher in Halitosis,1.5094421738462363e-09,3.0487742917290315e-09,0.47844015611218976
Peptostreptococcus stomatis,0.9509803921568627,0.9305555555555556,1.0,124.5,40.25,340.0,518.5,283.75,858.25,229.08333333333334,266.77372117556695,820.6666666666666,939.4838397000085,5.680478952586572e-07,0.0019108363643987928,Higher in Halitosis,5.737283742112437e-05,0.00011588177063276607,0.16698821590951393
Streptococcus rubneri,0.9019607843137255,0.875,0.9666666666666667,89.5,38.5,221.25,253.5,153.0,846.5,283.09722222222223,608.2467568144313,577.7666666666667,697.1438125683243,0.00013301687604745709,0.049246297518800546,Higher in Halitosis,0.00895646965386211,0.018090295142454162,0.48129511271959075
[Eubacterium] sulci,0.8235294117647058,0.7916666666666666,0.9,69.0,16.5,145.25,230.0,93.5,413.0,106.5,119.31152264814878,299.93333333333334,285.1984104677537,0.00020880411064676198,0.0010604056999057618,Higher in Halitosis,0.01054460758766148,0.02129801928596972,0.16698821590951393
Parvimonas micra,0.9803921568627451,0.9722222222222222,1.0,69.0,26.25,177.5,217.5,88.5,333.75,132.73611111111111,199.34590173057538,445.3333333333333,842.2529857198625,0.0003890471085832764,0.05344182702294654,Higher in Halitosis,0.015717503186764365,0.031746244060395355,0.48129511271959075
Solobacterium moorei,1.0,1.0,1.0,96.0,38.75,188.5,212.0,99.25,373.25,139.09722222222223,161.28639209141426,257.3,192.67216215365812,0.000603627524018923,0.0048665133503363895,Higher in Halitosis,0.020274058499390603,0.04094958350371963,0.283648206705321
Mogibacterium neglectum,0.9019607843137255,0.875,0.9666666666666667,14.0,7.0,24.0,23.5,15.5,40.75,17.11111111111111,14.775842060850499,31.333333333333332,21.955021942729804,0.0007025663836422487,0.0023019738433292134,Higher in Halitosis,0.020274058499390603,0.04094958350371963,0.16698821590951393
Lachnoanaerobaculum gingivalis,0.9215686274509803,0.9027777777777778,0.9666666666666667,47.0,18.75,96.25,127.5,64.5,191.75,82.91666666666667,132.31255675882142,157.0,137.8272281792905,0.001136335919167901,0.015487966933407997,Higher in Halitosis,0.028692481958989498,0.057953131877562944,0.3716360456196733
Sneathia sanguinegens,0.0392156862745098,0.0,0.13333333333333333,0.0,0.0,0.0,0.0,0.0,0.0,0.0,0.0,2.1333333333333333,7.055119605200053,0.0017254287533746842,0.10846214064431425,Higher in Halitosis,,0.07041628873162628,0.48129511271959075
Olegusella massiliensis,0.0392156862745098,0.0,0.13333333333333333,0.0,0.0,0.0,0.0,0.0,0.0,0.0,0.0,3.066666666666667,10.760506760702603,0.0017258894296967226,0.12937876668035733,Higher in Halitosis,,0.07041628873162628,0.48129511271959075
[Eubacterium] nodatum,0.49019607843137253,0.4166666666666667,0.6666666666666666,0.0,0.0,10.25,15.5,0.0,39.75,8.777777777777779,19.522628417922828,76.56666666666666,168.97310198786758,0.0019152762375375537,0.03652130972143305,Higher in Halitosis,0.04298731110917621,0.0710393368104838,0.47844015611218976
Lachnoanaerobaculum umeaense,0.1568627450980392,0.08333333333333333,0.3333333333333333,0.0,0.0,0.0,0.0,0.0,5.0,10.166666666666666,74.56011847902091,9.533333333333333,22.115267519776115,0.002276526481410296,0.9479208472727249,Higher in Halitosis,0.045985834924487975,0.07740190036795006,0.9689035375180579
Sinanaerobacter chloroacetimidivorans,0.5392156862745098,0.4444444444444444,0.7666666666666667,0.0,0.0,11.5,7.0,2.0,44.0,13.125,31.814576117263087,46.2,92.7820583131652,0.003132725335004901,0.06564885523844208,Higher in Halitosis,0.05752822887918091,0.0983193797447692,0.48129511271959075
Enterocloster clostridioformis,0.0784313725490196,0.027777777777777776,0.2,0.0,0.0,0.0,0.0,0.0,0.0,0.375,2.2482387472839114,2.4,6.4572867153424385,0.003840963848706742,0.1035218893022254,Higher in Halitosis,,0.10614693236396729,0.48129511271959075
Fretibacterium fastidiosum,0.5196078431372549,0.4444444444444444,0.7,0.0,0.0,13.0,13.0,0.0,141.5,18.375,51.756863190536805,111.96666666666667,197.90932847860046,0.003902460748675268,0.015842461052311615,Higher in Halitosis,0.06565375616677697,0.10614693236396729,0.3716360456196733
Stomatobaculum longum,0.9509803921568627,0.9444444444444444,0.9666666666666667,76.5,36.25,165.5,143.0,96.0,410.5,146.01388888888889,183.2731735481492,285.73333333333335,289.6623400864666,0.004225241733505449,0.01906216979995452,Higher in Halitosis,0.06565375616677697,0.10774366420438895,0.3830600628906992
Oribacterium parvum,0.6862745098039216,0.6388888888888888,0.8,21.0,0.0,50.25,66.5,11.0,94.25,43.75,88.84909662923414,79.26666666666667,87.90195687803832,0.005326684904479288,0.0691959328082573,Higher in Halitosis,0.07685645362177258,0.12784043770750292,0.48129511271959075
Actinomyces bowdenii,0.19607843137254902,0.2638888888888889,0.03333333333333333,0.0,0.0,6.25,0.0,0.0,0.0,16.26388888888889,72.03422368462532,1.5666666666666667,8.580986734247604,0.00943488238607182,0.09276233994347477,Lower in Halitosis,0.12458132592471026,0.21189861793551554,0.48129511271959075
Olsenella uli,0.4215686274509804,0.3472222222222222,0.6,0.0,0.0,5.0,6.5,0.0,27.75,9.083333333333334,23.563369758296396,15.466666666666667,20.346538014989243,0.009867827796016655,0.1736356994982418,Higher in Halitosis,0.12458132592471026,0.21189861793551554,0.48129511271959075
Kingella oralis,0.23529411764705882,0.3055555555555556,0.06666666666666667,0.0,0.0,3.25,0.0,0.0,0.0,2.6805555555555554,8.7239776250575,0.4,1.610311599745795,0.010805586912505842,0.035951365040567965,Lower in Halitosis,0.12715819633449818,0.22014375150413829,0.47844015611218976
Schaalia cardiffensis,0.3235294117647059,0.2638888888888889,0.4666666666666667,0.0,0.0,2.25,0.0,0.0,25.75,4.013888888888889,9.99083108606573,28.633333333333333,57.216155985413124,0.011330928386242412,0.02607612977130099,Higher in Halitosis,0.12715819633449818,0.22014375150413829,0.4432942061121168
Campylobacter concisus,0.7843137254901961,0.8055555555555556,0.7333333333333333,27.5,9.0,54.0,13.5,0.5,23.0,45.111111111111114,56.35015166895508,19.2,25.59687480924185,0.014104177030143019,0.0018999563317429356,Lower in Halitosis,0.14948441438725302,0.2615683740135614,0.16698821590951393
Haemophilus parainfluenzae,0.8725490196078431,0.8888888888888888,0.8333333333333334,110.0,34.75,522.75,54.5,7.5,163.5,441.65277777777777,796.4204806281706,98.33333333333333,115.04701687551061,0.014800437068044854,0.0006165891110388223,Lower in Halitosis,0.14948441438725302,0.26254688364183915,0.16698821590951393
Streptococcus sinensis,0.9705882352941176,0.9861111111111112,0.9333333333333333,854.5,466.75,1712.0,532.5,146.0,998.5,1227.0555555555557,1074.6638634500189,748.3,789.0025632579315,0.01632365039878205,0.014810675222032414,Lower in Halitosis,0.15438171347407043,0.27584120320652644,0.3716360456196733
Gemella morbillorum,0.7941176470588235,0.75,0.9,21.5,1.5,69.75,63.5,15.5,142.75,61.041666666666664,146.9777637201254,123.8,199.92315765192694,0.01718086053065551,0.12773277008887673,Higher in Halitosis,0.15438171347407043,0.27584120320652644,0.48129511271959075
Pseudoleptotrichia goodfellowii,0.21568627450980393,0.2777777777777778,0.06666666666666667,0.0,0.0,1.25,0.0,0.0,0.0,1.6527777777777777,4.812424419665432,0.2,0.7611243951073872,0.01757811589061198,0.014950678059309006,Lower in Halitosis,0.15438171347407043,0.27584120320652644,0.3716360456196733
Prevotella maculosa,0.21568627450980393,0.2777777777777778,0.06666666666666667,0.0,0.0,2.0,0.0,0.0,0.0,3.888888888888889,10.01204282676344,0.6333333333333333,2.4138013136149366,0.019130995034645673,0.011392676324870132,Lower in Halitosis,0.1554876384630568,0.2815658704022032,0.3716360456196733
Schaalia odontolytica,1.0,1.0,1.0,1344.5,706.25,2006.0,1970.0,1376.0,2586.5,1497.7777777777778,1079.2700874909574,1965.3,997.6379050813839,0.01990495879402016,0.039645349123348765,Higher in Halitosis,0.1554876384630568,0.2815658704022032,0.47844015611218976
Staphylococcus caprae,0.27450980392156865,0.3472222222222222,0.1,0.0,0.0,4.25,0.0,0.0,0.0,4.722222222222222,11.57732390472825,2.566666666666667,10.244202172981531,0.020013260396235032,0.3554797229592527,Lower in Halitosis,0.1554876384630568,0.2815658704022032,0.5087012092055373
Aminipila butyrica,0.16666666666666666,0.1111111111111111,0.3,0.0,0.0,0.0,0.0,0.0,2.0,0.7222222222222222,2.6549036332858544,4.566666666666666,18.90025238534886,0.02293828943084293,0.27616100485999884,Higher in Halitosis,0.1690619636643119,0.3084260416641807,0.48129511271959075
Veillonella dispar,0.9215686274509803,0.9583333333333334,0.8333333333333334,184.5,81.25,447.25,122.5,43.25,215.75,369.27777777777777,532.2231402790688,155.93333333333334,150.93957076588134,0.023434331597033335,0.002455709057492852,Lower in Halitosis,0.1690619636643119,0.3084260416641807,0.16698821590951393
Achromobacter aegrifaciens,0.10784313725490197,0.1527777777777778,0.0,0.0,0.0,0.0,0.0,0.0,0.0,0.8333333333333334,2.7218469288748315,0.0,0.0,0.0248357474061255,0.011396882599466394,Lower in Halitosis,0.17224250027386415,0.3162688573885534,0.3716360456196733
Prevotella oris,0.5098039215686274,0.5694444444444444,0.36666666666666664,5.0,0.0,23.25,0.0,0.0,6.0,34.013888888888886,127.4199547747698,9.366666666666667,28.73959581859307,0.025580569347603586,0.12493159422443623,Lower in Halitosis,0.17224250027386415,0.3162688573885534,0.48129511271959075
Actinomyces timonensis,0.0196078431372549,0.0,0.06666666666666667,0.0,0.0,0.0,0.0,0.0,0.0,0.0,0.0,0.7,3.649751999132601,0.02878490212247945,0.3021647921809228,Higher in Halitosis,,0.33554971617061763,0.48129511271959075
[Eubacterium] rectale,0.0196078431372549,0.0,0.06666666666666667,0.0,0.0,0.0,0.0,0.0,0.0,0.0,0.0,0.2,0.8051557998728975,0.02878490212247945,0.18414134229197157,Higher in Halitosis,,0.33554971617061763,0.48129511271959075
Capnocytophaga ochracea,0.4411764705882353,0.5138888888888888,0.26666666666666666,2.5,0.0,12.0,0.0,0.0,3.75,20.555555555555557,93.17466392142292,6.9,23.934321050281145,0.030573521925248322,0.2509684399210431,Lower in Halitosis,0.19327269054260476,0.33761951401180734,0.48129511271959075
Prevotella denticola,0.29411764705882354,0.3611111111111111,0.13333333333333333,0.0,0.0,3.0,0.0,0.0,0.0,13.583333333333334,53.51812908580671,2.566666666666667,10.659893683022046,0.03061745592754135,0.09886422690466866,Lower in Halitosis,0.19327269054260476,0.33761951401180734,0.48129511271959075
Abiotrophia defectiva,0.4117647058823529,0.3472222222222222,0.5666666666666667,0.0,0.0,7.0,4.5,0.0,13.0,11.63888888888889,33.031059031158456,42.06666666666667,89.10316892593482,0.0354870002354461,0.07816321028885885,Higher in Halitosis,0.21220963456724024,0.3736699734344703,0.48129511271959075
Mogibacterium timidum,0.17647058823529413,0.125,0.3,0.0,0.0,0.0,0.0,0.0,6.5,2.0277777777777777,6.8914566873677305,12.4,48.27621674746556,0.03571845334300083,0.2506462286222075,Higher in Halitosis,0.21220963456724024,0.3736699734344703,0.48129511271959075
Leptotrichia hongkongensis,0.30392156862745096,0.3611111111111111,0.16666666666666666,0.0,0.0,8.0,0.0,0.0,0.0,6.708333333333333,17.132817944057695,1.5333333333333334,4.500830063929076,0.0371410410252007,0.01971632676643305,Lower in Halitosis,0.21435686534544407,0.3788386184570472,0.3830600628906992
Olsenella urininfantis,0.058823529411764705,0.027777777777777776,0.13333333333333333,0.0,0.0,0.0,0.0,0.0,0.0,1.1527777777777777,9.42973977240485,5.733333333333333,19.053343146478817,0.0400646534855952,0.21802425004054907,Higher in Halitosis,,0.3812277522866731,0.48129511271959075
Cloacibacillus porcorum,0.0392156862745098,0.013888888888888888,0.1,0.0,0.0,0.0,0.0,0.0,0.0,0.041666666666666664,0.3535533905932738,0.8666666666666667,3.2561171432512555,0.040095006329924444,0.17670583626381706,Higher in Halitosis,,0.3812277522866731,0.48129511271959075
Johnsonella ignava,0.4803921568627451,0.4166666666666667,0.6333333333333333,0.0,0.0,8.0,5.0,0.0,23.5,9.097222222222221,24.596552903008284,29.666666666666668,73.3373562114967,0.040178415069428784,0.14311809954964755,Higher in Halitosis,0.22544555122290597,0.3812277522866731,0.48129511271959075
Bacteroides heparinolyticus,0.0392156862745098,0.013888888888888888,0.1,0.0,0.0,0.0,0.0,0.0,0.0,0.027777777777777776,0.23570226039551587,0.26666666666666666,0.8276819867946673,0.041156302633981914,0.13014988447289502,Higher in Halitosis,,0.38163116987874135,0.48129511271959075
Filifactor alocis,0.38235294117647056,0.3333333333333333,0.5,0.0,0.0,4.25,0.5,0.0,14.75,4.166666666666667,9.757626125530422,14.066666666666666,25.147747322619157,0.0446689679831624,0.04431921490259586,Higher in Halitosis,0.2438684197999677,0.4049986430473391,0.48129511271959075
Streptococcus constellatus,0.5784313725490197,0.5138888888888888,0.7333333333333333,11.5,0.0,62.0,40.5,2.25,128.0,68.45833333333333,188.33173739404398,97.03333333333333,157.0880454490045,0.04796431010290101,0.43360985582673595,Higher in Halitosis,0.2531516788806749,0.42542257656486115,0.5838706969548128
Flexilinea flocculi,0.35294117647058826,0.2916666666666667,0.5,0.0,0.0,2.25,0.5,0.0,4.0,3.3194444444444446,9.368551512026276,11.966666666666667,30.372950004140574,0.04980868022053886,0.13621318396900922,Higher in Halitosis,0.2531516788806749,0.4260968852447004,0.48129511271959075
Bulleidia extructa,0.2647058823529412,0.20833333333333334,0.4,0.0,0.0,0.0,0.0,0.0,3.75,1.3888888888888888,3.458223738294004,4.066666666666666,8.41973598297408,0.05012904532290593,0.10161826145631334,Higher in Halitosis,0.2531516788806749,0.4260968852447004,0.48129511271959075
Desulfobulbus oligotrophicus,0.30392156862745096,0.25,0.43333333333333335,0.0,0.0,0.5,0.0,0.0,7.5,4.361111111111111,11.173794235678551,18.6,42.69426190953534,0.05636994090628164,0.08151541457449761,Higher in Halitosis,0.27203262467953887,0.46153970856520576,0.48129511271959075
Limosilactobacillus fermentum,0.17647058823529413,0.2222222222222222,0.06666666666666667,0.0,0.0,0.0,0.0,0.0,0.0,12.680555555555555,46.72027228024824,0.7333333333333333,3.6571454228234015,0.05656123879475561,0.03453382844996365,Lower in Halitosis,0.27203262467953887,0.46153970856520576,0.47844015611218976
Streptococcus pneumoniae,0.0784313725490196,0.1111111111111111,0.0,0.0,0.0,0.0,0.0,0.0,0.0,11.305555555555555,72.31944761896598,0.0,0.0,0.059760679231619665,0.1889293814960456,Lower in Halitosis,,0.4780854338529573,0.48129511271959075
Prevotella paludivivens,0.18627450980392157,0.1388888888888889,0.3,0.0,0.0,0.0,0.0,0.0,4.25,5.347222222222222,23.83225398915182,7.766666666666667,18.863727889392845,0.062115272410538144,0.5879315778253129,Higher in Halitosis,0.2917973262076443,0.48736598352883775,0.7160480112021722
Lautropia mirabilis,0.5588235294117647,0.5972222222222222,0.4666666666666667,4.0,0.0,19.75,0.0,0.0,6.0,51.34722222222222,161.28202572872524,5.433333333333334,10.627496326083559,0.06631332929626627,0.018817401500312497,Lower in Halitosis,0.30443846631467697,0.4980440994539767,0.3830600628906992
Scardovia wiggsiae,0.37254901960784315,0.4305555555555556,0.23333333333333334,0.0,0.0,6.25,0.0,0.0,0.0,13.847222222222221,49.523833989507956,3.8333333333333335,12.605645515029156,0.06876471675791128,0.11398273808830722,Lower in Halitosis,0.3086771730021795,0.4980440994539767,0.48129511271959075
Actinomyces viscosus,0.7549019607843137,0.7638888888888888,0.7333333333333333,56.0,13.75,100.25,28.0,2.25,60.75,85.33333333333333,109.00768806069611,45.0,56.66659905337413,0.07159494568161945,0.016316832237954805,Lower in Halitosis,0.314395196254068,0.4980440994539767,0.3716360456196733
Moryella indoligenes,0.5294117647058824,0.4722222222222222,0.6666666666666666,0.0,0.0,106.5,62.5,0.0,166.75,118.47222222222223,227.5624645539449,180.96666666666667,296.39610999975775,0.07557735384120483,0.30644720287265537,Higher in Halitosis,0.32482181863666754,0.4980440994539767,0.48129511271959075
Limosilactobacillus reuteri,0.11764705882352941,0.1527777777777778,0.03333333333333333,0.0,0.0,0.0,0.0,0.0,0.0,3.5694444444444446,19.397855543513334,0.03333333333333333,0.18257418583505536,0.07859531083912316,0.12639162103233373,Lower in Halitosis,0.33075526644797665,0.4980440994539767,0.48129511271959075
Streptococcus sobrinus,0.06862745098039216,0.09722222222222222,0.0,0.0,0.0,0.0,0.0,0.0,0.0,2.2083333333333335,12.827059316313516,0.0,0.0,0.07992863639373943,0.14846975943042542,Lower in Halitosis,,0.4980440994539767,0.48129511271959075
Streptococcus periodonticum,1.0,1.0,1.0,1119.0,440.75,2359.5,1571.5,1054.5,2935.25,1782.875,1782.5414752300976,2067.233333333333,1642.2320950532505,0.08111549393887912,0.44044111696818633,Higher in Halitosis,0.33439448521742005,0.4980440994539767,0.5853419404658633
Selenomonas bovis,0.08823529411764706,0.05555555555555555,0.16666666666666666,0.0,0.0,0.0,0.0,0.0,0.0,9.125,72.25579317872945,2.9,9.872811848359282,0.08333984522461281,0.47665775736322125,Higher in Halitosis,,0.4980440994539767,0.6213302396300135
Veillonella atypica,0.8725490196078431,0.8888888888888888,0.8333333333333334,83.5,28.75,233.25,35.0,13.0,112.75,219.98611111111111,372.77805552046823,110.2,169.186777016531,0.08536693000045709,0.04357765366245067,Lower in Halitosis,0.34488239720184666,0.4980440994539767,0.48129511271959075
Pseudoramibacter alactolyticus,0.2549019607843137,0.20833333333333334,0.36666666666666664,0.0,0.0,0.0,0.0,0.0,2.75,2.4027777777777777,7.62992574165445,10.4,36.44892505864933,0.08776856831652616,0.24299927554772072,Higher in Halitosis,0.34763236862624086,0.4980440994539767,0.48129511271959075
Oribacterium asaccharolyticum,0.8725490196078431,0.8888888888888888,0.8333333333333334,38.0,13.75,74.25,71.5,27.0,169.5,69.88888888888889,113.4664504061096,122.1,135.96965939452105,0.0936522930655681,0.07040871860075881,Higher in Halitosis,0.3583989153551042,0.4980440994539767,0.48129511271959075
Streptococcus salivarius,1.0,1.0,1.0,4589.5,3150.0,7861.75,3421.5,1814.0,6454.25,5327.694444444444,3416.8890745200283,4090.4,2927.1773929256788,0.09403535897930952,0.06914568382940299,Lower in Halitosis,0.3583989153551042,0.4980440994539767,0.48129511271959075
Pseudomonas aeruginosa,0.058823529411764705,0.08333333333333333,0.0,0.0,0.0,0.0,0.0,0.0,0.0,0.4444444444444444,1.7513687917618703,0.0,0.0,0.10697685689493916,0.034692140447922896,Lower in Halitosis,,0.4980440994539767,0.47844015611218976
Amniculibacterium aquaticum,0.6274509803921569,0.6527777777777778,0.5666666666666667,4.5,0.0,14.5,3.0,0.0,5.75,12.75,21.661122439802437,5.266666666666667,7.705498857548301,0.10722602855870991,0.011751210549728303,Lower in Halitosis,0.3650139510808717,0.4980440994539767,0.3716360456196733
Treponema lecithinolyticum,0.27450980392156865,0.2222222222222222,0.4,0.0,0.0,0.0,0.0,0.0,4.75,2.625,6.886274366294689,7.833333333333333,23.75461237729217,0.108118026801762,0.246795575903089,Higher in Halitosis,0.3650139510808717,0.4980440994539767,0.48129511271959075
Leptotrichia hofstadii,0.20588235294117646,0.25,0.1,0.0,0.0,0.25,0.0,0.0,0.0,2.3333333333333335,5.943394960960599,1.8333333333333333,7.719582503153165,0.10942009827233241,0.7522214999700179,Lower in Halitosis,0.3650139510808717,0.4980440994539767,0.8269641306292665
[Eubacterium] saphenum,0.2647058823529412,0.2222222222222222,0.36666666666666664,0.0,0.0,0.0,0.0,0.0,29.25,15.875,45.057689937847584,39.4,79.01706493994911,0.10981042015089892,0.1344205716897562,Higher in Halitosis,0.3650139510808717,0.4980440994539767,0.48129511271959075
Haemophilus influenzae,0.10784313725490197,0.1388888888888889,0.03333333333333333,0.0,0.0,0.0,0.0,0.0,0.0,3.3472222222222223,19.829668853088826,0.1,0.5477225575051661,0.11050976045852748,0.16938782861382687,Lower in Halitosis,0.3650139510808717,0.4980440994539767,0.48129511271959075
Ruminiclostridium cellobioparum,0.5588235294117647,0.5,0.7,0.5,0.0,7.25,4.0,0.0,16.5,8.458333333333334,15.872677827274472,10.166666666666666,13.4346010639366,0.1107502950826951,0.5816496387385942,Higher in Halitosis,0.3650139510808717,0.4980440994539767,0.712651809625665
Butyrivibrio hungatei,0.28431372549019607,0.2361111111111111,0.4,0.0,0.0,0.0,0.0,0.0,4.75,2.375,6.89036375498829,3.966666666666667,7.199058048217781,0.11134200228233546,0.30765151115859857,Higher in Halitosis,0.3650139510808717,0.4980440994539767,0.48129511271959075
Butyrivibrio proteoclasticus,0.2549019607843137,0.20833333333333334,0.36666666666666664,0.0,0.0,0.0,0.0,0.0,4.0,8.208333333333334,39.405418051722094,19.033333333333335,76.28869095623604,0.11134207170247906,0.4657742313064637,Higher in Halitosis,0.3650139510808717,0.4980440994539767,0.615002868521156
Capnocytophaga haemolytica,0.10784313725490197,0.1388888888888889,0.03333333333333333,0.0,0.0,0.0,0.0,0.0,0.0,2.5277777777777777,9.340163496808012,0.13333333333333333,0.7302967433402213,0.11203398498521805,0.034093923693180136,Lower in Halitosis,0.3650139510808717,0.4980440994539767,0.47844015611218976
Cardiobacterium hominis,0.3235294117647059,0.375,0.2,0.0,0.0,3.25,0.0,0.0,0.0,3.9027777777777777,8.129514515626434,3.2333333333333334,9.521964928099347,0.1197179618352783,0.7374109888222026,Lower in Halitosis,0.37169678887427005,0.4980440994539767,0.8197920529685522
Phocaeicola abscessus,0.2549019607843137,0.20833333333333334,0.36666666666666664,0.0,0.0,0.0,0.0,0.0,3.75,10.88888888888889,65.45949302367883,3.9,8.856519126298027,0.12251945656081951,0.3780134565948332,Higher in Halitosis,0.37169678887427005,0.4980440994539767,0.5336660563691763
Capnocytophaga endodontalis,0.2549019607843137,0.2916666666666667,0.16666666666666666,0.0,0.0,5.0,0.0,0.0,0.0,9.069444444444445,33.87812721967321,1.5,4.840561380951451,0.12253208006868656,0.06796026666631352,Lower in Halitosis,0.37169678887427005,0.4980440994539767,0.48129511271959075
Lawsonella clevelandensis,0.049019607843137254,0.027777777777777776,0.1,0.0,0.0,0.0,0.0,0.0,0.0,0.05555555555555555,0.37109995953745556,0.3333333333333333,1.2129568697262458,0.12331506561839738,0.22765733419263567,Higher in Halitosis,,0.4980440994539767,0.48129511271959075
Campylobacter gracilis,0.5392156862745098,0.5694444444444444,0.4666666666666667,3.0,0.0,13.0,0.0,0.0,5.0,10.5,18.672869526080564,10.333333333333334,39.31160514212788,0.12469140747138559,0.9824149937004352,Lower in Halitosis,0.37169678887427005,0.4980440994539767,0.9831149350337449
Streptococcus sanguinis,0.9411764705882353,0.9583333333333334,0.9,269.5,150.75,554.5,228.5,91.25,408.25,553.9861111111111,828.9052256101528,267.9,234.13234542116086,0.12475590737853785,0.008644793444560045,Lower in Halitosis,0.37169678887427005,0.4980440994539767,0.3716360456196733
Prevotella oralis,0.14705882352941177,0.18055555555555555,0.06666666666666667,0.0,0.0,0.0,0.0,0.0,0.0,2.4722222222222223,7.45308750130001,0.26666666666666666,1.048260737942924,0.1255199332281509,0.016395707894985588,Lower in Halitosis,0.37169678887427005,0.4980440994539767,0.3716360456196733
Moraxella equi,0.00980392156862745,0.0,0.03333333333333333,0.0,0.0,0.0,0.0,0.0,0.0,0.0,0.0,0.1,0.5477225575051661,0.12659281191432903,0.3255819880161935,Higher in Halitosis,,0.4980440994539767,0.48129511271959075
Lactobacillus delbrueckii,0.00980392156862745,0.0,0.03333333333333333,0.0,0.0,0.0,0.0,0.0,0.0,0.0,0.0,0.3,1.6431676725154984,0.12659281191432903,0.3255819880161937,Higher in Halitosis,,0.4980440994539767,0.48129511271959075
Peptoniphilus grossensis,0.00980392156862745,0.0,0.03333333333333333,0.0,0.0,0.0,0.0,0.0,0.0,0.0,0.0,0.06666666666666667,0.36514837167011066,0.12659281191432903,0.32558198801619376,Higher in Halitosis,,0.4980440994539767,0.48129511271959075
Gemella bergeri,0.00980392156862745,0.0,0.03333333333333333,0.0,0.0,0.0,0.0,0.0,0.0,0.0,0.0,3.2666666666666666,17.892270211835424,0.12659281191432903,0.32558198801619365,Higher in Halitosis,,0.4980440994539767,0.48129511271959075
Peptostreptococcus canis,0.00980392156862745,0.0,0.03333333333333333,0.0,0.0,0.0,0.0,0.0,0.0,0.0,0.0,0.1,0.5477225575051661,0.12659281191432903,0.3255819880161935,Higher in Halitosis,,0.4980440994539767,0.48129511271959075
Peptoniphilus methioninivorax,0.00980392156862745,0.0,0.03333333333333333,0.0,0.0,0.0,0.0,0.0,0.0,0.0,0.0,0.1,0.5477225575051661,0.12659281191432903,0.3255819880161935,Higher in Halitosis,,0.4980440994539767,0.48129511271959075
Endomicrobium proavitum,0.00980392156862745,0.0,0.03333333333333333,0.0,0.0,0.0,0.0,0.0,0.0,0.0,0.0,0.26666666666666666,1.4605934866804429,0.12659281191432903,0.32558198801619365,Higher in Halitosis,,0.4980440994539767,0.48129511271959075
Silanimonas mangrovi,0.00980392156862745,0.0,0.03333333333333333,0.0,0.0,0.0,0.0,0.0,0.0,0.0,0.0,0.03333333333333333,0.18257418583505533,0.12659281191432903,0.3255819880161935,Higher in Halitosis,,0.4980440994539767,0.48129511271959075
Phocaeicola massiliensis,0.00980392156862745,0.0,0.03333333333333333,0.0,0.0,0.0,0.0,0.0,0.0,0.0,0.0,0.06666666666666667,0.36514837167011066,0.12659281191432903,0.32558198801619376,Higher in Halitosis,,0.4980440994539767,0.48129511271959075
Rhodopila globiformis,0.00980392156862745,0.0,0.03333333333333333,0.0,0.0,0.0,0.0,0.0,0.0,0.0,0.0,0.03333333333333333,0.18257418583505533,0.12659281191432903,0.32558198801619376,Higher in Halitosis,,0.4980440994539767,0.48129511271959075
Dermacoccus profundi,0.00980392156862745,0.0,0.03333333333333333,0.0,0.0,0.0,0.0,0.0,0.0,0.0,0.0,0.06666666666666667,0.3651483716701107,0.12659281191432903,0.32558198801619365,Higher in Halitosis,,0.4980440994539767,0.48129511271959075
Reyranella graminifolii,0.00980392156862745,0.0,0.03333333333333333,0.0,0.0,0.0,0.0,0.0,0.0,0.0,0.0,0.03333333333333333,0.18257418583505533,0.12659281191432903,0.3255819880161935,Higher in Halitosis,,0.4980440994539767,0.48129511271959075
Corynebacterium ulcerans,0.00980392156862745,0.0,0.03333333333333333,0.0,0.0,0.0,0.0,0.0,0.0,0.0,0.0,0.03333333333333333,0.18257418583505533,0.12659281191432903,0.3255819880161935,Higher in Halitosis,,0.4980440994539767,0.48129511271959075
Staphylococcus petrasii,0.00980392156862745,0.0,0.03333333333333333,0.0,0.0,0.0,0.0,0.0,0.0,0.0,0.0,0.03333333333333333,0.18257418583505533,0.12659281191432903,0.3255819880161935,Higher in Halitosis,,0.4980440994539767,0.48129511271959075
Blastochloris sulfoviridis,0.00980392156862745,0.0,0.03333333333333333,0.0,0.0,0.0,0.0,0.0,0.0,0.0,0.0,0.03333333333333333,0.18257418583505533,0.12659281191432903,0.32558198801619376,Higher in Halitosis,,0.4980440994539767,0.48129511271959075
Arthrobacter bussei,0.00980392156862745,0.0,0.03333333333333333,0.0,0.0,0.0,0.0,0.0,0.0,0.0,0.0,0.06666666666666667,0.36514837167011066,0.12659281191432903,0.3255819880161935,Higher in Halitosis,,0.4980440994539767,0.48129511271959075
Streptococcus porcorum,0.00980392156862745,0.0,0.03333333333333333,0.0,0.0,0.0,0.0,0.0,0.0,0.0,0.0,0.1,0.5477225575051661,0.12659281191432903,0.32558198801619365,Higher in Halitosis,,0.4980440994539767,0.48129511271959075
Actinomyces weissii,0.00980392156862745,0.0,0.03333333333333333,0.0,0.0,0.0,0.0,0.0,0.0,0.0,0.0,0.06666666666666667,0.3651483716701107,0.12659281191432903,0.32558198801619365,Higher in Halitosis,,0.4980440994539767,0.48129511271959075
Anaerovorax odorimutans,0.00980392156862745,0.0,0.03333333333333333,0.0,0.0,0.0,0.0,0.0,0.0,0.0,0.0,0.16666666666666666,0.9128709291752769,0.12659281191432903,0.32558198801619365,Higher in Halitosis,,0.4980440994539767,0.48129511271959075
Lactococcus plantarum,0.00980392156862745,0.0,0.03333333333333333,0.0,0.0,0.0,0.0,0.0,0.0,0.0,0.0,0.03333333333333333,0.18257418583505533,0.12659281191432903,0.3255819880161935,Higher in Halitosis,,0.4980440994539767,0.48129511271959075
Lentilactobacillus kefiri,0.00980392156862745,0.0,0.03333333333333333,0.0,0.0,0.0,0.0,0.0,0.0,0.0,0.0,0.16666666666666666,0.9128709291752769,0.12659281191432903,0.32558198801619365,Higher in Halitosis,,0.4980440994539767,0.48129511271959075
Leuconostoc palmae,0.00980392156862745,0.0,0.03333333333333333,0.0,0.0,0.0,0.0,0.0,0.0,0.0,0.0,0.03333333333333333,0.18257418583505533,0.12659281191432903,0.32558198801619376,Higher in Halitosis,,0.4980440994539767,0.48129511271959075
Neisseria elongata,0.49019607843137253,0.5277777777777778,0.4,1.0,0.0,10.0,0.0,0.0,3.75,11.569444444444445,32.36709613732853,3.2666666666666666,5.848273151159641,0.1269657348134883,0.03918464346409026,Lower in Halitosis,0.37169678887427005,0.4980440994539767,0.47844015611218976
Weissella confusa,0.049019607843137254,0.027777777777777776,0.1,0.0,0.0,0.0,0.0,0.0,0.0,0.2638888888888889,2.0139866955905266,0.43333333333333335,1.4546793303071943,0.12817311383006752,0.6356722166557989,Higher in Halitosis,,0.4980440994539767,0.7495787988311154
Odoribacter denticanis,0.049019607843137254,0.027777777777777776,0.1,0.0,0.0,0.0,0.0,0.0,0.0,0.4027777777777778,2.4127578879734473,1.1,3.661072011837799,0.1331784598022009,0.34290829157776515,Higher in Halitosis,,0.5094012549348693,0.49788819560045616
Streptococcus intermedius,0.5980392156862745,0.6527777777777778,0.4666666666666667,22.0,0.0,69.5,0.0,0.0,58.0,47.27777777777778,93.88113884914208,29.066666666666666,43.758690434081174,0.13359297617164465,0.1851296450810705,Lower in Halitosis,0.38551115980960315,0.5094012549348693,0.48129511271959075
Oribacterium sinus,0.9901960784313726,0.9861111111111112,1.0,114.0,73.75,220.5,165.0,99.75,293.75,190.68055555555554,209.35748969126436,219.46666666666667,185.05502133025254,0.13594566576858172,0.49401561112915476,Higher in Halitosis,0.3867749927500494,0.5135725151257532,0.6318444179959095
Trichocoleus caatingensis,0.049019607843137254,0.06944444444444445,0.0,0.0,0.0,0.0,0.0,0.0,0.0,0.2916666666666667,1.283014715645686,0.0,0.0,0.14361660142160743,0.057734591958743676,Lower in Halitosis,,0.5185741047880356,0.48129511271959075
Prevotella buccae,0.049019607843137254,0.06944444444444445,0.0,0.0,0.0,0.0,0.0,0.0,0.0,0.3472222222222222,1.4158033823689595,0.0,0.0,0.14362469078688242,0.04104266045080059,Lower in Halitosis,,0.5185741047880356,0.47844015611218976
Corynebacterium tuberculostearicum,0.049019607843137254,0.06944444444444445,0.0,0.0,0.0,0.0,0.0,0.0,0.0,0.5694444444444444,2.5109696734718767,0.0,0.0,0.14362469078688242,0.05832332596546533,Lower in Halitosis,,0.5185741047880356,0.48129511271959075
Lacticaseibacillus rhamnosus,0.049019607843137254,0.06944444444444445,0.0,0.0,0.0,0.0,0.0,0.0,0.0,0.7777777777777778,3.3785663357603353,0.0,0.0,0.14362469078688242,0.054714379686096985,Lower in Halitosis,,0.5185741047880356,0.48129511271959075
Limosilactobacillus oris,0.049019607843137254,0.06944444444444445,0.0,0.0,0.0,0.0,0.0,0.0,0.0,1.2916666666666667,6.610783976861775,0.0,0.0,0.14362469078688242,0.10174571562602674,Lower in Halitosis,,0.5185741047880356,0.48129511271959075
Schaalia meyeri,0.47058823529411764,0.4444444444444444,0.5333333333333333,0.0,0.0,31.25,9.5,0.0,66.75,37.708333333333336,102.25216516871484,136.4,302.86614774232504,0.14749261803474367,0.0908454213899139,Higher in Halitosis,0.4077350191728847,0.5256074759619604,0.48129511271959075
Streptococcus koreensis,0.9411764705882353,0.9166666666666666,1.0,411.0,154.0,900.0,717.5,299.25,1183.5,701.0416666666666,806.3906968622068,815.8,695.3754827925453,0.14894039157577302,0.4719880885720427,Higher in Halitosis,0.4077350191728847,0.5256074759619604,0.6191998075157346
Eggerthia catenaformis,0.0784313725490196,0.05555555555555555,0.13333333333333333,0.0,0.0,0.0,0.0,0.0,0.0,0.19444444444444445,0.8981810866833834,1.6333333333333333,4.567375563737876,0.1494510676941386,0.0972777968648334,Higher in Halitosis,,0.5256074759619604,0.48129511271959075
Selenomonas flueggei,0.13725490196078433,0.16666666666666666,0.06666666666666667,0.0,0.0,0.0,0.0,0.0,0.0,1.9583333333333333,6.287563176956979,0.2,0.9247553264475439,0.1526237697318802,0.023320870504779285,Lower in Halitosis,0.4077350191728847,0.5256074759619604,0.4324961439068158
Lancefieldella parvula,0.9509803921568627,0.9722222222222222,0.9,135.0,52.0,255.75,171.5,99.5,360.25,205.73611111111111,206.36041171380646,295.43333333333334,313.2233623353208,0.15313013449731866,0.15671254971091328,Higher in Halitosis,0.4077350191728847,0.5256074759619604,0.48129511271959075
Actinomyces israelii,0.29411764705882354,0.2638888888888889,0.36666666666666664,0.0,0.0,1.0,0.0,0.0,9.0,2.7222222222222223,7.577249532985767,11.633333333333333,27.715902734131106,0.15340525473831304,0.09287190896423524,Higher in Halitosis,0.4077350191728847,0.5256074759619604,0.48129511271959075
Mobiluncus curtisii,0.09803921568627451,0.06944444444444445,0.16666666666666666,0.0,0.0,0.0,0.0,0.0,0.0,0.5694444444444444,2.767143179734616,0.7,1.9852907369815704,0.15459043410645895,0.7896153713110103,Higher in Halitosis,,0.5256074759619604,0.8568166795076921
Naumannella cuiyingiana,0.029411764705882353,0.013888888888888888,0.06666666666666667,0.0,0.0,0.0,0.0,0.0,0.0,0.1111111111111111,0.9428090415820635,0.6,2.4154673996186937,0.15628565993273186,0.29023611155943707,Higher in Halitosis,,0.526979745888881,0.48129511271959075
Staphylococcus aureus,0.20588235294117646,0.16666666666666666,0.3,0.0,0.0,0.0,0.0,0.0,2.75,18.5,120.55178304100772,9.266666666666667,24.040100598408678,0.15900414176195976,0.5363271856472053,Higher in Halitosis,0.41712774851838796,0.53175155605639,0.6671386943416455
Dialister pneumosintes,0.24509803921568626,0.20833333333333334,0.3333333333333333,0.0,0.0,0.0,0.0,0.0,3.0,1.4305555555555556,3.527862493283716,2.6,4.7893560145893055,0.16264131443676755,0.2337613945752136,Higher in Halitosis,0.4211993014900903,0.5387764736606752,0.48129511271959075
Ectobacillus funiculus,0.029411764705882353,0.013888888888888888,0.06666666666666667,0.0,0.0,0.0,0.0,0.0,0.0,0.4722222222222222,4.006938426723769,0.1,0.4025778999364487,0.16374579101451892,0.43853482917997416,Higher in Halitosis,,0.5387764736606752,0.5847131055732989
Lautropia dentalis,0.24509803921568626,0.2777777777777778,0.16666666666666666,0.0,0.0,3.5,0.0,0.0,0.0,21.333333333333332,76.35277649747414,1.4,3.6255796207236846,0.1656196616053749,0.030348057785785202,Lower in Halitosis,0.4231409612992126,0.5405825754799436,0.47844015611218976
[Eubacterium] brachy,0.8431372549019608,0.8194444444444444,0.9,17.5,2.75,51.0,37.0,6.0,66.75,44.416666666666664,69.33075451144867,67.16666666666667,99.78600666644988,0.16758057873236143,0.26112513557125694,Higher in Halitosis,0.4231409612992126,0.5426418739905037,0.48129511271959075
Ihubacter massiliensis,0.22549019607843138,0.19444444444444445,0.3,0.0,0.0,0.0,0.0,0.0,1.75,1.0694444444444444,3.4204290517826212,11.833333333333334,41.51782611189405,0.17858395390793613,0.16678255843273992,Higher in Halitosis,0.4453575146839889,0.5737185290900625,0.48129511271959075
Capnocytophaga leadbetteri,0.49019607843137253,0.5416666666666666,0.36666666666666664,3.0,0.0,18.0,0.0,0.0,9.75,31.291666666666668,88.64781361745436,16.366666666666667,42.29818886913712,0.18778734938724584,0.2534258701817707,Lower in Halitosis,0.46259810458809336,0.5985721761718461,0.48129511271959075
Acetobacter oeni,0.0392156862745098,0.05555555555555555,0.0,0.0,0.0,0.0,0.0,0.0,0.0,0.125,0.5550662947336072,0.0,0.0,0.19380962331316354,0.060059041868943765,Lower in Halitosis,,0.5997430821387605,0.48129511271959075
Lactiplantibacillus fabifermentans,0.0392156862745098,0.05555555555555555,0.0,0.0,0.0,0.0,0.0,0.0,0.0,0.25,1.3814668668575993,0.0,0.0,0.19380962331316354,0.1290917681551629,Lower in Halitosis,,0.5997430821387605,0.48129511271959075
Veillonella montpellierensis,0.0392156862745098,0.05555555555555555,0.0,0.0,0.0,0.0,0.0,0.0,0.0,0.25,1.071395036363181,0.0,0.0,0.19382076512704394,0.05158469606173179,Lower in Halitosis,,0.5997430821387605,0.48129511271959075
Lactobacillus gallinarum,0.08823529411764706,0.1111111111111111,0.03333333333333333,0.0,0.0,0.0,0.0,0.0,0.0,1.0,3.6308537001026764,0.06666666666666667,0.3651483716701107,0.19403452657430487,0.0343827606181535,Lower in Halitosis,,0.5997430821387605,0.47844015611218976
Leptotrichia trevisanii,0.17647058823529413,0.20833333333333334,0.1,0.0,0.0,0.0,0.0,0.0,0.0,3.5972222222222223,12.662086829567203,1.3666666666666667,4.708637209195043,0.19978043373451104,0.1982540250914245,Lower in Halitosis,0.4850394884935968,0.6128602779224098,0.48129511271959075
Prevotella saccharolytica,0.17647058823529413,0.20833333333333334,0.1,0.0,0.0,0.0,0.0,0.0,0.0,1.9444444444444444,7.126401792202876,1.6666666666666667,8.048702329904014,0.201699589274565,0.8703150762573977,Lower in Halitosis,0.4850394884935968,0.6141300927165859,0.9128240388509467
Alloscardovia omnicolens,0.20588235294117646,0.16666666666666666,0.3,0.0,0.0,0.0,0.0,0.0,2.75,14.51388888888889,63.114470797909384,3.6333333333333333,6.994989996952909,0.20662207764091367,0.15354061089043297,Higher in Halitosis,0.49103129039370075,0.6244578346480947,0.48129511271959075
Ligilactobacillus salivarius,0.08823529411764706,0.1111111111111111,0.03333333333333333,0.0,0.0,0.0,0.0,0.0,0.0,5.722222222222222,29.67059635312242,1.0666666666666667,5.8423739467217715,0.2181188483212736,0.2064014248037331,Lower in Halitosis,,0.6543565449638208,0.48129511271959075
Veillonella parvula,0.08823529411764706,0.1111111111111111,0.03333333333333333,0.0,0.0,0.0,0.0,0.0,0.0,6.111111111111111,25.805095880386318,1.6,8.763560920082657,0.22374965216836262,0.19234862512603937,Lower in Halitosis,,0.6639320394699706,0.48129511271959075
Gemella haemolysans,0.8627450980392157,0.8333333333333334,0.9333333333333333,125.0,23.0,256.25,162.5,58.75,270.75,291.5416666666667,653.8265897828278,297.5,344.8341680406335,0.2263925675952726,0.952377477809017,Higher in Halitosis,0.5244609666269177,0.6639320394699706,0.969002521062541
Methanobrevibacter oralis,0.058823529411764705,0.041666666666666664,0.1,0.0,0.0,0.0,0.0,0.0,0.0,0.06944444444444445,0.38734883971773154,2.3333333333333335,8.727022375371217,0.2275724556918648,0.16617373107215055,Higher in Halitosis,,0.6639320394699706,0.48129511271959075
Prevotella nigrescens,0.5980392156862745,0.625,0.5333333333333333,5.0,0.0,18.25,1.5,0.0,10.75,16.555555555555557,30.60971441533585,11.366666666666667,28.580778847684144,0.22856760978195256,0.41672839953907814,Lower in Halitosis,0.5244609666269177,0.6639320394699706,0.5705543188320265
Prevotella salivae,0.6862745098039216,0.7361111111111112,0.5666666666666667,13.0,0.0,39.0,6.0,0.0,32.0,46.861111111111114,153.11914771161423,21.666666666666668,31.44051124149283,0.2296400203272414,0.1869589591944083,Lower in Halitosis,0.5244609666269177,0.6639320394699706,0.48129511271959075
Bifidobacterium dentium,0.37254901960784315,0.4027777777777778,0.3,0.0,0.0,21.25,0.0,0.0,7.5,48.0,168.0614408105677,16.066666666666666,49.57052331385251,0.2310743862861172,0.14587373589415112,Lower in Halitosis,0.5244609666269177,0.6639320394699706,0.48129511271959075
Neisseria oralis,0.29411764705882354,0.3194444444444444,0.23333333333333334,0.0,0.0,11.0,0.0,0.0,0.0,14.055555555555555,36.04179455322097,3.6333333333333333,9.24189610838387,0.2375082905568392,0.02495617777533878,Lower in Halitosis,0.5254488956291709,0.6733782774440613,0.44270089271035745
Bifidobacterium longum,0.12745098039215685,0.09722222222222222,0.2,0.0,0.0,0.0,0.0,0.0,0.0,62.861111111111114,251.57735100119052,3.066666666666667,9.843371070064793,0.2384689683018365,0.04787199734274397,Higher in Halitosis,0.5254488956291709,0.6733782774440613,0.48129511271959075
Brachymonas denitrificans,0.28431372549019607,0.3194444444444444,0.2,0.0,0.0,1.5,0.0,0.0,0.0,7.861111111111111,30.530661362883805,1.7666666666666666,5.0561218157884555,0.23931335840536494,0.10480120654889602,Lower in Halitosis,0.5254488956291709,0.6733782774440613,0.48129511271959075
Alloprevotella tannerae,0.5392156862745098,0.5694444444444444,0.4666666666666667,3.0,0.0,20.0,0.0,0.0,8.0,18.430555555555557,39.0809295335735,8.7,15.682518270684232,0.24287987435700775,0.07579614476528529,Lower in Halitosis,0.5275455335496297,0.6787327995730079,0.48129511271959075
Streptococcus himalayensis,0.058823529411764705,0.041666666666666664,0.1,0.0,0.0,0.0,0.0,0.0,0.0,0.05555555555555555,0.2852668080932077,0.16666666666666666,0.5306686305052325,0.24901528325931743,0.2857764942861968,Higher in Halitosis,,0.6789267133798242,0.48129511271959075
Fusobacterium nucleatum,0.7843137254901961,0.8333333333333334,0.6666666666666666,55.0,14.75,128.0,30.0,0.0,98.5,123.76388888888889,218.91862872210064,197.46666666666667,745.9538089301986,0.2495090556521119,0.5987030771196876,Lower in Halitosis,0.5361790344864532,0.6789267133798242,0.7205629954714824
Streptococcus hongkongensis,0.029411764705882353,0.041666666666666664,0.0,0.0,0.0,0.0,0.0,0.0,0.0,0.06944444444444445,0.3873488397177316,0.0,0.0,0.26415992993690585,0.1326376746196797,Lower in Halitosis,,0.6789267133798242,0.48129511271959075
Porphyromonas uenonis,0.029411764705882353,0.041666666666666664,0.0,0.0,0.0,0.0,0.0,0.0,0.0,0.2638888888888889,1.383942679301825,0.0,0.0,0.26417569308845,0.11010443069780265,Lower in Halitosis,,0.6789267133798242,0.48129511271959075
Limosilactobacillus mucosae,0.029411764705882353,0.041666666666666664,0.0,0.0,0.0,0.0,0.0,0.0,0.0,2.3472222222222223,18.512393809814014,0.0,0.0,0.26417569308845,0.2856298717167878,Lower in Halitosis,,0.6789267133798242,0.48129511271959075
Scardovia inopinata,0.029411764705882353,0.041666666666666664,0.0,0.0,0.0,0.0,0.0,0.0,0.0,0.7083333333333334,3.4739979809768147,0.0,0.0,0.26417569308845,0.08795502108882983,Lower in Halitosis,,0.6789267133798242,0.48129511271959075
Faecalibacterium prausnitzii,0.029411764705882353,0.041666666666666664,0.0,0.0,0.0,0.0,0.0,0.0,0.0,0.20833333333333334,1.0997759054705287,0.0,0.0,0.26417569308845,0.11240760871105311,Lower in Halitosis,,0.6789267133798242,0.48129511271959075
Neisseria sicca,0.029411764705882353,0.041666666666666664,0.0,0.0,0.0,0.0,0.0,0.0,0.0,0.9583333333333334,4.819086173673986,0.0,0.0,0.26417569308845,0.09591526736459657,Lower in Halitosis,,0.6789267133798242,0.48129511271959075
Staphylococcus warneri,0.029411764705882353,0.041666666666666664,0.0,0.0,0.0,0.0,0.0,0.0,0.0,0.3055555555555556,1.571210073625312,0.0,0.0,0.26417569308845,0.10333063170068575,Lower in Halitosis,,0.6789267133798242,0.48129511271959075
Syntrophococcus sucromutans,0.17647058823529413,0.1527777777777778,0.23333333333333334,0.0,0.0,0.0,0.0,0.0,0.0,1.5138888888888888,4.497238763343868,3.4,7.7218900670040975,0.26425094566292995,0.2182307747658303,Higher in Halitosis,0.5543222307466747,0.6789267133798242,0.48129511271959075
Kingella potus,0.12745098039215685,0.1527777777777778,0.06666666666666667,0.0,0.0,0.0,0.0,0.0,0.0,1.0972222222222223,3.440273990981001,2.6,13.505043757668904,0.26463978653818476,0.5520037816537168,Lower in Halitosis,0.5543222307466747,0.6789267133798242,0.6804155375066963
Tannerella forsythia,0.46078431372549017,0.5,0.36666666666666664,0.5,0.0,10.25,0.0,0.0,2.75,13.680555555555555,61.978602938612795,17.966666666666665,68.50093547477684,0.26618443753676957,0.7685099858418012,Lower in Halitosis,0.5543222307466747,0.6789267133798242,0.8406221829047048
Defluviitalea raffinosedens,0.19607843137254902,0.16666666666666666,0.26666666666666666,0.0,0.0,0.0,0.0,0.0,1.5,1.5972222222222223,5.255874573026505,3.3666666666666667,10.423724046064619,0.27269150979739765,0.3826135884025694,Higher in Halitosis,0.554527585671286,0.6789267133798242,0.5378794955841485
Slackia exigua,0.38235294117647056,0.3472222222222222,0.4666666666666667,0.0,0.0,3.0,0.0,0.0,4.75,2.263888888888889,4.04897154584096,5.0,11.531067480566545,0.27274930847020407,0.2141183292402643,Higher in Halitosis,0.554527585671286,0.6789267133798242,0.48129511271959075
Schnuerera ultunensis,0.14705882352941177,0.125,0.2,0.0,0.0,0.0,0.0,0.0,0.0,2.1944444444444446,11.902939498338023,6.266666666666667,18.15628196279854,0.27796540861551433,0.2646830990995745,Higher in Halitosis,0.554527585671286,0.6789267133798242,0.48129511271959075
Prevotella dentasini,0.11764705882352941,0.1388888888888889,0.06666666666666667,0.0,0.0,0.0,0.0,0.0,0.0,2.2083333333333335,8.118727264440295,0.3333333333333333,1.2954385047312091,0.27881289544042775,0.06075376528074831,Lower in Halitosis,0.554527585671286,0.6789267133798242,0.48129511271959075
Treponema succinifaciens,0.058823529411764705,0.041666666666666664,0.1,0.0,0.0,0.0,0.0,0.0,0.0,1.2638888888888888,7.612060585260578,0.26666666666666666,0.9071871393197362,0.2798969109062196,0.27779690631794524,Higher in Halitosis,,0.6789267133798242,0.48129511271959075
Streptococcus mutans,0.49019607843137253,0.5138888888888888,0.43333333333333335,1.0,0.0,33.0,0.0,0.0,9.0,44.90277777777778,102.79257929623351,18.433333333333334,51.84305448997556,0.28000897890332266,0.08832440262334583,Lower in Halitosis,0.554527585671286,0.6789267133798242,0.48129511271959075
Mycoplasma salivarium,0.0784313725490196,0.09722222222222222,0.03333333333333333,0.0,0.0,0.0,0.0,0.0,0.0,0.6944444444444444,2.521115832151238,0.26666666666666666,1.4605934866804426,0.28405312094806645,0.2868322077514112,Lower in Halitosis,,0.6789267133798242,0.48129511271959075
Prevotella dentalis,0.16666666666666666,0.19444444444444445,0.1,0.0,0.0,0.0,0.0,0.0,0.0,2.0277777777777777,7.045070641539938,0.8,2.537987255749096,0.2849441134665146,0.19962257473805495,Lower in Halitosis,0.5588224361187957,0.6789267133798242,0.48129511271959075
[Eubacterium] minutum,0.2549019607843137,0.2361111111111111,0.3,0.0,0.0,0.0,0.0,0.0,8.5,3.8472222222222223,10.684541580947316,19.066666666666666,41.97859334054173,0.3002732774450635,0.05922374739347753,Higher in Halitosis,0.5793735871693714,0.6789267133798242,0.48129511271959075
Streptococcus anginosus,0.6372549019607843,0.6111111111111112,0.7,17.0,0.0,60.5,31.5,0.0,93.5,52.47222222222222,138.54657753659905,79.7,159.31039968651092,0.3060450438663699,0.41835059727742946,Higher in Halitosis,0.5793735871693714,0.6789267133798242,0.5708596778902717
Arachnia propionica,0.5294117647058824,0.5,0.6,0.5,0.0,6.0,3.5,0.0,10.75,7.861111111111111,18.944177116870705,5.866666666666666,6.765701193791974,0.30731668336181717,0.4362849321215001,Higher in Halitosis,0.5793735871693714,0.6789267133798242,0.5847131055732989
Catonella morbi,0.4215686274509804,0.4583333333333333,0.3333333333333333,0.0,0.0,5.0,0.0,0.0,4.75,4.069444444444445,7.0217496894360645,2.8666666666666667,5.462936770723192,0.3081692769550345,0.3565895731195678,Lower in Halitosis,0.5793735871693714,0.6789267133798242,0.5087012092055373
Haemophilus haemolyticus,0.19607843137254902,0.2222222222222222,0.13333333333333333,0.0,0.0,0.0,0.0,0.0,0.0,10.86111111111111,43.20873201902257,1.9,6.260714953113417,0.311597536276623,0.08994681669167126,Lower in Halitosis,0.5793735871693714,0.6789267133798242,0.48129511271959075
Selenomonas infelix,0.20588235294117646,0.18055555555555555,0.26666666666666666,0.0,0.0,0.0,0.0,0.0,3.75,11.722222222222221,74.46527165273835,6.366666666666666,15.329672226590908,0.3133217602199151,0.5625196779668378,Higher in Halitosis,0.5793735871693714,0.6789267133798242,0.6912892428026199
Aggregatibacter segnis,0.22549019607843138,0.19444444444444445,0.3,0.0,0.0,0.0,0.0,0.0,2.75,2.9027777777777777,9.33139441630985,5.166666666666667,18.465407235363543,0.3155004682605488,0.5273230472357098,Higher in Halitosis,0.5793735871693714,0.6789267133798242,0.6619932408374449
Haemophilus pittmaniae,0.14705882352941177,0.125,0.2,0.0,0.0,0.0,0.0,0.0,0.0,10.819444444444445,72.84641887799964,4.533333333333333,11.86339874930694,0.3224134144034807,0.4797988241920355,Higher in Halitosis,0.586734321707235,0.6789267133798242,0.6229523814767345
Lachnoanaerobaculum saburreum,0.3627450980392157,0.3333333333333333,0.43333333333333335,0.0,0.0,12.0,0.0,0.0,22.5,23.84722222222222,89.40517987990613,27.033333333333335,62.733966674463076,0.3372235180121924,0.838330706121613,Higher in Halitosis,0.6082067021291327,0.6789267133798242,0.8931375715105004
Granulicatella adiacens,1.0,1.0,1.0,640.0,386.0,1051.0,693.0,482.0,1307.75,821.25,766.3382798444363,964.6,744.8160430140013,0.3415620569349165,0.3836346402328118,Higher in Halitosis,0.6105799601845409,0.6789267133798242,0.5378794955841485
Anaerorhabdus furcosa,0.30392156862745096,0.2777777777777778,0.36666666666666664,0.0,0.0,2.0,0.0,0.0,3.75,4.763888888888889,14.953913290229611,3.6333333333333333,6.515145925977529,0.34562844602406617,0.5960983350513127,Higher in Halitosis,0.6124293517268542,0.6789267133798242,0.7195506529613478
Capnocytophaga granulosa,0.5784313725490197,0.6111111111111112,0.5,5.5,0.0,19.75,0.5,0.0,14.5,39.708333333333336,204.25408351806047,18.7,41.173434689589975,0.35547619144897824,0.40718078738474023,Lower in Halitosis,0.6244016580234227,0.6789267133798242,0.5624901111789334
Eikenella halliae,0.30392156862745096,0.3333333333333333,0.23333333333333334,0.0,0.0,3.0,0.0,0.0,0.0,4.027777777777778,12.199021228600158,2.466666666666667,6.123630506057061,0.36217548763744833,0.393471316564646,Lower in Halitosis,0.6254920626463539,0.6789267133798242,0.5480454599332037
Capnocytophaga gingivalis,0.39215686274509803,0.4166666666666667,0.3333333333333333,0.0,0.0,11.25,0.0,0.0,5.75,26.430555555555557,128.99326616215268,6.8,17.985434720044037,0.36327561286473375,0.21066702580168392,Lower in Halitosis,0.6254920626463539,0.6789267133798242,0.48129511271959075
Lachnoanaerobaculum orale,0.8431372549019608,0.8472222222222222,0.8333333333333334,26.5,8.5,81.25,53.5,10.25,131.25,71.56944444444444,114.9071672324105,78.23333333333333,81.43272380159665,0.365386452436979,0.7412828964428577,Higher in Halitosis,0.6254920626463539,0.6789267133798242,0.8218571243170814
Streptococcus peroris,0.0196078431372549,0.027777777777777776,0.0,0.0,0.0,0.0,0.0,0.0,0.0,0.027777777777777776,0.16548879560577057,0.0,0.0,0.36698593878702224,0.158746128424712,Lower in Halitosis,,0.6789267133798242,0.48129511271959075
Bacteroides xylanisolvens,0.0196078431372549,0.027777777777777776,0.0,0.0,0.0,0.0,0.0,0.0,0.0,0.08333333333333333,0.49646638681731176,0.0,0.0,0.36698593878702224,0.15874612842471203,Lower in Halitosis,,0.6789267133798242,0.48129511271959075
Tumebacillus algifaecis,0.0196078431372549,0.027777777777777776,0.0,0.0,0.0,0.0,0.0,0.0,0.0,0.05555555555555555,0.37109995953745556,0.0,0.0,0.3670094260966591,0.20812844484178258,Lower in Halitosis,,0.6789267133798242,0.48129511271959075
Veillonella denticariosi,0.0196078431372549,0.027777777777777776,0.0,0.0,0.0,0.0,0.0,0.0,0.0,0.9861111111111112,5.880243972028628,0.0,0.0,0.3670094260966591,0.15912308942308642,Lower in Halitosis,,0.6789267133798242,0.48129511271959075
Tractidigestivibacter scatoligenes,0.0196078431372549,0.027777777777777776,0.0,0.0,0.0,0.0,0.0,0.0,0.0,0.08333333333333333,0.5240685902856073,0.0,0.0,0.3670094260966591,0.1815393588030565,Lower in Halitosis,,0.6789267133798242,0.48129511271959075
Aeriscardovia aeriphila,0.0196078431372549,0.027777777777777776,0.0,0.0,0.0,0.0,0.0,0.0,0.0,0.3333333333333333,2.4950655527813406,0.0,0.0,0.3670094260966591,0.2607721556529003,Lower in Halitosis,,0.6789267133798242,0.48129511271959075
Escherichia fergusonii,0.0196078431372549,0.027777777777777776,0.0,0.0,0.0,0.0,0.0,0.0,0.0,0.1111111111111111,0.6829009281156991,0.0,0.0,0.3670094260966591,0.17173470766140467,Lower in Halitosis,,0.6789267133798242,0.48129511271959075
Gardnerella vaginalis,0.0196078431372549,0.027777777777777776,0.0,0.0,0.0,0.0,0.0,0.0,0.0,0.09722222222222222,0.6315579266468635,0.0,0.0,0.3670094260966591,0.19569135912892696,Lower in Halitosis,,0.6789267133798242,0.48129511271959075
Kineothrix alysoides,0.0196078431372549,0.027777777777777776,0.0,0.0,0.0,0.0,0.0,0.0,0.0,0.06944444444444445,0.42214705697799193,0.0,0.0,0.3670094260966591,0.1671082516099807,Lower in Halitosis,,0.6789267133798242,0.48129511271959075
Acetobacter tropicalis,0.0196078431372549,0.027777777777777776,0.0,0.0,0.0,0.0,0.0,0.0,0.0,0.09722222222222222,0.6315579266468636,0.0,0.0,0.3670094260966591,0.19569135912892707,Lower in Halitosis,,0.6789267133798242,0.48129511271959075
Sphaerochaeta pleomorpha,0.0196078431372549,0.027777777777777776,0.0,0.0,0.0,0.0,0.0,0.0,0.0,0.4861111111111111,3.09471633119726,0.0,0.0,0.3670094260966591,0.18684280728556354,Lower in Halitosis,,0.6789267133798242,0.48129511271959075
Bifidobacterium adolescentis,0.0196078431372549,0.027777777777777776,0.0,0.0,0.0,0.0,0.0,0.0,0.0,0.08333333333333333,0.5240685902856073,0.0,0.0,0.3670094260966591,0.1815393588030565,Lower in Halitosis,,0.6789267133798242,0.48129511271959075
Bifidobacterium pseudolongum,0.0196078431372549,0.027777777777777776,0.0,0.0,0.0,0.0,0.0,0.0,0.0,0.041666666666666664,0.2620342951428036,0.0,0.0,0.3670094260966591,0.18153935880305644,Lower in Halitosis,,0.6789267133798242,0.48129511271959075
Devosia lucknowensis,0.0196078431372549,0.027777777777777776,0.0,0.0,0.0,0.0,0.0,0.0,0.0,0.041666666666666664,0.26203429514280363,0.0,0.0,0.3670094260966591,0.1815393588030565,Lower in Halitosis,,0.6789267133798242,0.48129511271959075
Desulfomicrobium orale,0.0196078431372549,0.027777777777777776,0.0,0.0,0.0,0.0,0.0,0.0,0.0,0.06944444444444445,0.42214705697799193,0.0,0.0,0.3670094260966591,0.1671082516099807,Lower in Halitosis,,0.6789267133798242,0.48129511271959075
Rothia amarae,0.0196078431372549,0.027777777777777776,0.0,0.0,0.0,0.0,0.0,0.0,0.0,0.09722222222222222,0.585258392969696,0.0,0.0,0.3670094260966591,0.1630344006479741,Lower in Halitosis,,0.6789267133798242,0.48129511271959075
Simonsiella muelleri,0.0196078431372549,0.027777777777777776,0.0,0.0,0.0,0.0,0.0,0.0,0.0,0.3611111111111111,2.1578912212369987,0.0,0.0,0.3670094260966591,0.15999414827840527,Lower in Halitosis,,0.6789267133798242,0.48129511271959075
Prevotella multisaccharivorax,0.0196078431372549,0.027777777777777776,0.0,0.0,0.0,0.0,0.0,0.0,0.0,1.3333333333333333,10.845911802006386,0.0,0.0,0.3670094260966591,0.300426368482789,Lower in Halitosis,,0.6789267133798242,0.48129511271959075
Leptotrichia buccalis,0.6078431372549019,0.625,0.5666666666666667,7.0,0.0,15.5,4.5,0.0,10.5,21.97222222222222,63.31498993067718,10.9,19.15157326750702,0.36913271163232386,0.18227870580935357,Lower in Halitosis,0.6265950231069699,0.6789267133798242,0.48129511271959075
Treponema bryantii,0.08823529411764706,0.06944444444444445,0.13333333333333333,0.0,0.0,0.0,0.0,0.0,0.0,0.4583333333333333,1.9640250421512409,0.23333333333333334,0.6789105539243627,0.37042367533046683,0.39357186215791345,Higher in Halitosis,,0.6789267133798242,0.5480454599332037
Keratinibaculum paraultunense,0.21568627450980393,0.19444444444444445,0.26666666666666666,0.0,0.0,0.0,0.0,0.0,2.25,3.986111111111111,12.719612288753648,8.5,22.70918088685112,0.3744443070577659,0.31258976224059176,Higher in Halitosis,0.6281200053918627,0.6789267133798242,0.48129511271959075
Prevotella intermedia,0.29411764705882354,0.2638888888888889,0.36666666666666664,0.0,0.0,2.0,0.0,0.0,11.25,12.805555555555555,45.38835207310751,6.7,13.186068928725627,0.37625010223968014,0.3006286301073703,Higher in Halitosis,0.6281200053918627,0.6789267133798242,0.48129511271959075
Actinomyces graevenitzii,0.8823529411764706,0.8611111111111112,0.9333333333333333,139.0,42.75,395.5,192.5,85.25,355.5,322.3888888888889,486.93411520539485,326.93333333333334,406.3042798397427,0.38174884526206054,0.96150283888211,Higher in Halitosis,0.6320759569093134,0.6789267133798242,0.9758536275221414
Actinomyces oris,0.6568627450980392,0.6805555555555556,0.6,12.0,0.0,37.25,4.5,0.0,23.0,42.291666666666664,123.34749236704992,56.266666666666666,178.46431756426313,0.3864787265709506,0.6973135194146809,Lower in Halitosis,0.6347049005474148,0.6789267133798242,0.7902886553366384
Neisseria cinerea,0.06862745098039216,0.08333333333333333,0.03333333333333333,0.0,0.0,0.0,0.0,0.0,0.0,0.4444444444444444,1.8980263202503453,0.26666666666666666,1.4605934866804426,0.3881401383229861,0.611120863811502,Lower in Halitosis,,0.6789267133798242,0.7290564691084584
Paludibacter propionicigenes,0.49019607843137253,0.5138888888888888,0.43333333333333335,1.5,0.0,9.0,0.0,0.0,6.0,9.152777777777779,16.023450879594158,10.633333333333333,38.50076876378313,0.38995672189968156,0.8400495254698589,Lower in Halitosis,0.6352520792236748,0.6789267133798242,0.8931375715105004
Neisseria perflava,0.7352941176470589,0.7083333333333334,0.8,26.0,0.0,113.5,10.5,3.0,30.75,185.20833333333334,564.076559020688,62.56666666666667,138.16873325964417,0.40423030409531846,0.08804632949030425,Lower in Halitosis,0.6532361714180346,0.6789267133798242,0.48129511271959075
Desulfovibrio intestinalis,0.06862745098039216,0.05555555555555555,0.1,0.0,0.0,0.0,0.0,0.0,0.0,0.9027777777777778,5.579539387880299,3.3333333333333335,13.121010614286915,0.4068393212776691,0.334889089184735,Higher in Halitosis,,0.6789267133798242,0.4897302809583221
Dialister invisus,0.7647058823529411,0.7361111111111112,0.8333333333333334,6.0,0.0,17.0,9.0,2.5,19.5,17.25,28.469776413138277,15.566666666666666,22.822679786643768,0.4137529713744553,0.7539967073384489,Higher in Halitosis,0.6543775189387887,0.6789267133798242,0.8269641306292665
Corynebacterium durum,0.8431372549019608,0.8472222222222222,0.8333333333333334,68.5,19.0,143.25,90.0,44.5,178.0,126.61111111111111,177.0020733192451,134.5,154.63120753854182,0.42249708428788935,0.8229225323536078,Higher in Halitosis,0.6543775189387887,0.6789267133798242,0.8835589294744
Prevotella oulorum,0.3137254901960784,0.3333333333333333,0.26666666666666666,0.0,0.0,6.0,0.0,0.0,3.0,4.944444444444445,10.239235348993663,2.6666666666666665,5.267554122814649,0.42417441557087987,0.1431956835005604,Lower in Halitosis,0.6543775189387887,0.6789267133798242,0.48129511271959075
Prevotella koreensis,0.24509803921568626,0.2222222222222222,0.3,0.0,0.0,0.0,0.0,0.0,2.0,4.013888888888889,16.119704550778277,5.366666666666666,17.59796879606071,0.42491433252657607,0.7185506602375048,Higher in Halitosis,0.6543775189387887,0.6789267133798242,0.8032018339093204
Prevotella histicola,0.5882352941176471,0.5972222222222222,0.5666666666666667,13.5,0.0,48.5,9.5,0.0,33.5,112.04166666666667,467.2668338477325,35.93333333333333,66.23049268214407,0.42617281351161584,0.1809677997071867,Lower in Halitosis,0.6543775189387887,0.6789267133798242,0.48129511271959075
Treponema parvum,0.06862745098039216,0.05555555555555555,0.1,0.0,0.0,0.0,0.0,0.0,0.0,0.3611111111111111,2.3872050694941285,0.23333333333333334,0.7279320417946061,0.43091072010427256,0.6822441712266002,Higher in Halitosis,,0.6789267133798242,0.779685017847573
Lacrimispora saccharolytica,0.06862745098039216,0.05555555555555555,0.1,0.0,0.0,0.0,0.0,0.0,0.0,0.4722222222222222,2.1426074822890895,0.8333333333333334,2.804962761241943,0.43093785378225713,0.5303916856952516,Higher in Halitosis,,0.6789267133798242,0.6638030912995787
Olsenella profusa,0.10784313725490197,0.125,0.06666666666666667,0.0,0.0,0.0,0.0,0.0,0.0,1.4861111111111112,4.838207838246719,1.8666666666666667,8.122906449996966,0.4328655501714622,0.8119989876738918,Lower in Halitosis,0.6543775189387887,0.6789267133798242,0.8741308363349547
Actinomyces dentalis,0.6470588235294118,0.6527777777777778,0.6333333333333333,7.5,0.0,17.0,10.0,0.0,34.75,17.97222222222222,41.30544834035589,30.8,51.17677274863585,0.4345616531383725,0.22966408699926452,Higher in Halitosis,0.6543775189387887,0.6789267133798242,0.48129511271959075
Cryptobacterium curtum,0.23529411764705882,0.25,0.2,0.0,0.0,0.5,0.0,0.0,0.0,2.8333333333333335,7.8093479556847605,0.9333333333333333,2.863965581248265,0.43511047155913674,0.0757086664879173,Lower in Halitosis,0.6543775189387887,0.6789267133798242,0.48129511271959075
Capnocytophaga sputigena,0.5294117647058824,0.5277777777777778,0.5333333333333333,3.0,0.0,13.75,1.5,0.0,8.75,50.625,286.6598041404814,5.333333333333333,7.800677836742373,0.4353470117931346,0.1846754937664861,Lower in Halitosis,0.6543775189387887,0.6789267133798242,0.48129511271959075
Treponema socranskii,0.3137254901960784,0.3333333333333333,0.26666666666666666,0.0,0.0,4.0,0.0,0.0,0.75,6.777777777777778,19.93950161286987,4.533333333333333,15.714551423339502,0.4373315101818638,0.547047109801254,Lower in Halitosis,0.6543775189387887,0.6789267133798242,0.6763491539360958
Treponema amylovorum,0.21568627450980393,0.19444444444444445,0.26666666666666666,0.0,0.0,0.0,0.0,0.0,1.5,5.486111111111111,18.931301344044726,11.1,37.28025270004631,0.44084453192435435,0.43839264363288055,Higher in Halitosis,0.6547837900641145,0.6789267133798242,0.5847131055732989
Anaeroglobus geminatus,0.3431372549019608,0.3194444444444444,0.4,0.0,0.0,3.0,0.0,0.0,5.5,6.152777777777778,21.882309867402494,7.033333333333333,18.61123749027829,0.45287307261723686,0.8371195832894065,Higher in Halitosis,0.6677398588954879,0.6789267133798242,0.8931375715105004
Lactobacillus gasseri,0.09803921568627451,0.1111111111111111,0.06666666666666667,0.0,0.0,0.0,0.0,0.0,0.0,24.15277777777778,154.5157505734411,0.3,1.2077336998093466,0.45491164245475535,0.19448901921928508,Lower in Halitosis,,0.6789267133798242,0.48129511271959075
Fudania jinshanensis,0.8235294117647058,0.8055555555555556,0.8666666666666667,12.0,3.75,30.75,17.5,7.25,30.25,39.05555555555556,85.82276018565352,42.46666666666667,117.2488462801361,0.46357692183546395,0.8861210349879857,Higher in Halitosis,0.6785691174693023,0.6789267133798242,0.9224725973505484
Selenomonas dianae,0.06862745098039216,0.05555555555555555,0.1,0.0,0.0,0.0,0.0,0.0,0.0,1.2222222222222223,6.63159790448902,0.5666666666666667,2.112088904433212,0.4660398067912147,0.4537622086192833,Higher in Halitosis,,0.6789267133798242,0.6010876010281415
Prevotella baroniae,0.14705882352941177,0.16666666666666666,0.1,0.0,0.0,0.0,0.0,0.0,0.0,1.4027777777777777,5.202003195471568,2.1333333333333333,8.74439064864396,0.4818015386047755,0.6716653409763937,Lower in Halitosis,0.7001720201306809,0.6789267133798242,0.7758985345253293
Veillonella rodentium,0.18627450980392157,0.16666666666666666,0.23333333333333334,0.0,0.0,0.0,0.0,0.0,0.0,33.77777777777778,148.32911847153096,12.266666666666667,37.98178631862939,0.4888664263371003,0.25573210323580653,Higher in Halitosis,0.7013904654265714,0.6789267133798242,0.48129511271959075
Prevotella pleuritidis,0.17647058823529413,0.19444444444444445,0.13333333333333333,0.0,0.0,0.0,0.0,0.0,0.0,1.5,4.711388659258706,1.2333333333333334,3.9626126293866664,0.4895844337878542,0.7709211104696287,Lower in Halitosis,0.7013904654265714,0.6789267133798242,0.8410048477850496
Corynebacterium matruchotii,0.5980392156862745,0.625,0.5333333333333333,8.0,0.0,22.0,5.0,0.0,21.25,66.34722222222223,303.5309650640914,42.2,150.6387320253556,0.49659937355817263,0.5937700195275223,Lower in Halitosis,0.7064300947799358,0.6789267133798242,0.7188669672618074
Veillonella rogosae,0.7058823529411765,0.7083333333333334,0.7,40.5,0.0,103.75,30.0,0.0,73.5,69.875,90.04348519105706,53.266666666666666,69.7517436852043,0.515072771642892,0.3198594752443365,Lower in Halitosis,0.7275853137892601,0.6789267133798242,0.48129511271959075
Enterococcus hirae,0.0196078431372549,0.013888888888888888,0.03333333333333333,0.0,0.0,0.0,0.0,0.0,0.0,0.16666666666666666,1.4142135623730951,1.1,6.024948132556828,0.5207658784351288,0.40808106105138303,Higher in Halitosis,,0.6789267133798242,0.5624901111789334
Comamonas faecalis,0.0196078431372549,0.013888888888888888,0.03333333333333333,0.0,0.0,0.0,0.0,0.0,0.0,0.09722222222222222,0.8249579113843054,0.36666666666666664,2.0083160441856087,0.5207658784351288,0.48248272683001986,Higher in Halitosis,,0.6789267133798242,0.6229523814767345
Treponema medium,0.38235294117647056,0.3611111111111111,0.43333333333333335,0.0,0.0,7.0,0.0,0.0,9.75,11.319444444444445,25.533091695249066,18.4,51.15331923703014,0.5231621004088175,0.4752994159192637,Higher in Halitosis,0.7289810637513406,0.6789267133798242,0.6213302396300135
Cardiobacterium valvarum,0.18627450980392157,0.20833333333333334,0.13333333333333333,0.0,0.0,0.0,0.0,0.0,0.0,0.8611111111111112,2.144797541616153,1.2,3.689687399150269,0.5232784863561604,0.6403706894379012,Lower in Halitosis,0.7289810637513406,0.6789267133798242,0.75077942899616
Prevotella melaninogenica,0.8235294117647058,0.8333333333333334,0.8,79.0,10.0,184.5,52.5,4.25,165.75,171.93055555555554,312.19334594188774,114.96666666666667,144.02717256400476,0.5289105597247921,0.2107724714460136,Lower in Halitosis,0.7317803634548493,0.6789267133798242,0.48129511271959075
Gemella cuniculi,0.0196078431372549,0.013888888888888888,0.03333333333333333,0.0,0.0,0.0,0.0,0.0,0.0,0.041666666666666664,0.3535533905932738,0.1,0.5477225575051661,0.5307206233475881,0.5932833414215328,Higher in Halitosis,,0.6789267133798242,0.7188669672618074
Prevotella marshii,0.09803921568627451,0.1111111111111111,0.06666666666666667,0.0,0.0,0.0,0.0,0.0,0.0,0.4861111111111111,1.7761570761932697,0.43333333333333335,1.654322099591069,0.5311260278960761,0.8862972013760172,Lower in Halitosis,,0.6789267133798242,0.9224725973505484
Peptoniphilus lacrimalis,0.00980392156862745,0.013888888888888888,0.0,0.0,0.0,0.0,0.0,0.0,0.0,0.08333333333333333,0.7071067811865476,0.0,0.0,0.5326402927621298,0.320706518040934,Lower in Halitosis,,0.6789267133798242,0.48129511271959075
Limosilactobacillus caviae,0.00980392156862745,0.013888888888888888,0.0,0.0,0.0,0.0,0.0,0.0,0.0,0.09722222222222222,0.8249579113843054,0.0,0.0,0.5326402927621298,0.320706518040934,Lower in Halitosis,,0.6789267133798242,0.48129511271959075
Limosilactobacillus frumenti,0.00980392156862745,0.013888888888888888,0.0,0.0,0.0,0.0,0.0,0.0,0.0,0.2222222222222222,1.885618083164127,0.0,0.0,0.5326402927621298,0.32070651804093414,Lower in Halitosis,,0.6789267133798242,0.48129511271959075
Mediterraneibacter faecis,0.00980392156862745,0.013888888888888888,0.0,0.0,0.0,0.0,0.0,0.0,0.0,0.05555555555555555,0.47140452079103173,0.0,0.0,0.5326402927621298,0.32070651804093414,Lower in Halitosis,,0.6789267133798242,0.48129511271959075
Novosphingobium taihuense,0.00980392156862745,0.013888888888888888,0.0,0.0,0.0,0.0,0.0,0.0,0.0,0.027777777777777776,0.23570226039551587,0.0,0.0,0.5326402927621298,0.32070651804093414,Lower in Halitosis,,0.6789267133798242,0.48129511271959075
Limosilactobacillus panis,0.00980392156862745,0.013888888888888888,0.0,0.0,0.0,0.0,0.0,0.0,0.0,0.041666666666666664,0.3535533905932738,0.0,0.0,0.5326402927621298,0.320706518040934,Lower in Halitosis,,0.6789267133798242,0.48129511271959075
Anaerococcus provencensis,0.00980392156862745,0.013888888888888888,0.0,0.0,0.0,0.0,0.0,0.0,0.0,0.041666666666666664,0.3535533905932738,0.0,0.0,0.5326402927621298,0.320706518040934,Lower in Halitosis,,0.6789267133798242,0.48129511271959075
Aggregatibacter actinomycetemcomitans,0.00980392156862745,0.013888888888888888,0.0,0.0,0.0,0.0,0.0,0.0,0.0,0.16666666666666666,1.4142135623730951,0.0,0.0,0.5326402927621298,0.32070651804093414,Lower in Halitosis,,0.6789267133798242,0.48129511271959075
Subtercola frigoramans,0.00980392156862745,0.013888888888888888,0.0,0.0,0.0,0.0,0.0,0.0,0.0,0.013888888888888888,0.11785113019775793,0.0,0.0,0.5326402927621298,0.32070651804093414,Lower in Halitosis,,0.6789267133798242,0.48129511271959075
Pseudomonas glareae,0.00980392156862745,0.013888888888888888,0.0,0.0,0.0,0.0,0.0,0.0,0.0,0.027777777777777776,0.2357022603955159,0.0,0.0,0.5326402927621298,0.3207065180409341,Lower in Halitosis,,0.6789267133798242,0.48129511271959075
Enterocloster lavalensis,0.00980392156862745,0.013888888888888888,0.0,0.0,0.0,0.0,0.0,0.0,0.0,0.027777777777777776,0.23570226039551587,0.0,0.0,0.5326402927621298,0.32070651804093414,Lower in Halitosis,,0.6789267133798242,0.48129511271959075
Mycoplasmopsis lipophila,0.00980392156862745,0.013888888888888888,0.0,0.0,0.0,0.0,0.0,0.0,0.0,0.013888888888888888,0.11785113019775793,0.0,0.0,0.5326402927621298,0.32070651804093414,Lower in Halitosis,,0.6789267133798242,0.48129511271959075
Hyphomicrobium facile,0.00980392156862745,0.013888888888888888,0.0,0.0,0.0,0.0,0.0,0.0,0.0,0.027777777777777776,0.23570226039551587,0.0,0.0,0.5326402927621298,0.32070651804093414,Lower in Halitosis,,0.6789267133798242,0.48129511271959075
Klebsiella variicola,0.00980392156862745,0.013888888888888888,0.0,0.0,0.0,0.0,0.0,0.0,0.0,0.09722222222222222,0.8249579113843054,0.0,0.0,0.5326402927621298,0.320706518040934,Lower in Halitosis,,0.6789267133798242,0.48129511271959075
Kingella denitrificans,0.00980392156862745,0.013888888888888888,0.0,0.0,0.0,0.0,0.0,0.0,0.0,0.1527777777777778,1.296362432175337,0.0,0.0,0.5326402927621298,0.320706518040934,Lower in Halitosis,,0.6789267133798242,0.48129511271959075
Lactobacillus equicursoris,0.00980392156862745,0.013888888888888888,0.0,0.0,0.0,0.0,0.0,0.0,0.0,0.6666666666666666,5.656854249492381,0.0,0.0,0.5326402927621298,0.320706518040934,Lower in Halitosis,,0.6789267133798242,0.48129511271959075
Dialister propionicifaciens,0.00980392156862745,0.013888888888888888,0.0,0.0,0.0,0.0,0.0,0.0,0.0,0.041666666666666664,0.3535533905932738,0.0,0.0,0.5326402927621298,0.320706518040934,Lower in Halitosis,,0.6789267133798242,0.48129511271959075
Blautia glucerasea,0.00980392156862745,0.013888888888888888,0.0,0.0,0.0,0.0,0.0,0.0,0.0,0.041666666666666664,0.3535533905932738,0.0,0.0,0.5326402927621298,0.320706518040934,Lower in Halitosis,,0.6789267133798242,0.48129511271959075
Canicola haemoglobinophilus,0.00980392156862745,0.013888888888888888,0.0,0.0,0.0,0.0,0.0,0.0,0.0,0.013888888888888888,0.11785113019775793,0.0,0.0,0.5326402927621298,0.32070651804093414,Lower in Halitosis,,0.6789267133798242,0.48129511271959075
Pseudomonas multiresinivorans,0.00980392156862745,0.013888888888888888,0.0,0.0,0.0,0.0,0.0,0.0,0.0,0.027777777777777776,0.23570226039551587,0.0,0.0,0.5326402927621298,0.32070651804093414,Lower in Halitosis,,0.6789267133798242,0.48129511271959075
Pyramidobacter piscolens,0.00980392156862745,0.013888888888888888,0.0,0.0,0.0,0.0,0.0,0.0,0.0,0.09722222222222222,0.8249579113843054,0.0,0.0,0.5326402927621298,0.320706518040934,Lower in Halitosis,,0.6789267133798242,0.48129511271959075
Schaalia turicensis,0.00980392156862745,0.013888888888888888,0.0,0.0,0.0,0.0,0.0,0.0,0.0,0.08333333333333333,0.7071067811865476,0.0,0.0,0.5326402927621298,0.32070651804093414,Lower in Halitosis,,0.6789267133798242,0.48129511271959075
Schleiferilactobacillus harbinensis,0.00980392156862745,0.013888888888888888,0.0,0.0,0.0,0.0,0.0,0.0,0.0,0.08333333333333333,0.7071067811865476,0.0,0.0,0.5326402927621298,0.32070651804093414,Lower in Halitosis,,0.6789267133798242,0.48129511271959075
Staphylococcus capitis,0.00980392156862745,0.013888888888888888,0.0,0.0,0.0,0.0,0.0,0.0,0.0,0.06944444444444445,0.5892556509887895,0.0,0.0,0.5326402927621298,0.320706518040934,Lower in Halitosis,,0.6789267133798242,0.48129511271959075
Sphingobium yanoikuyae,0.00980392156862745,0.013888888888888888,0.0,0.0,0.0,0.0,0.0,0.0,0.0,0.013888888888888888,0.11785113019775795,0.0,0.0,0.5326402927621298,0.3207065180409341,Lower in Halitosis,,0.6789267133798242,0.48129511271959075
Acholeplasma morum,0.00980392156862745,0.013888888888888888,0.0,0.0,0.0,0.0,0.0,0.0,0.0,0.4722222222222222,4.006938426723769,0.0,0.0,0.5326402927621298,0.32070651804093414,Lower in Halitosis,,0.6789267133798242,0.48129511271959075
Acinetobacter johnsonii,0.00980392156862745,0.013888888888888888,0.0,0.0,0.0,0.0,0.0,0.0,0.0,0.027777777777777776,0.2357022603955159,0.0,0.0,0.5326402927621298,0.3207065180409341,Lower in Halitosis,,0.6789267133798242,0.48129511271959075
Acinetobacter soli,0.00980392156862745,0.013888888888888888,0.0,0.0,0.0,0.0,0.0,0.0,0.0,0.05555555555555555,0.47140452079103173,0.0,0.0,0.5326402927621298,0.32070651804093414,Lower in Halitosis,,0.6789267133798242,0.48129511271959075
Butyrivibrio fibrisolvens,0.00980392156862745,0.013888888888888888,0.0,0.0,0.0,0.0,0.0,0.0,0.0,0.013888888888888888,0.11785113019775795,0.0,0.0,0.5326402927621298,0.3207065180409341,Lower in Halitosis,,0.6789267133798242,0.48129511271959075
Bifidobacterium callitrichidarum,0.00980392156862745,0.013888888888888888,0.0,0.0,0.0,0.0,0.0,0.0,0.0,0.013888888888888888,0.11785113019775793,0.0,0.0,0.5326402927621298,0.32070651804093414,Lower in Halitosis,,0.6789267133798242,0.48129511271959075
[Actinobacillus] rossii,0.00980392156862745,0.013888888888888888,0.0,0.0,0.0,0.0,0.0,0.0,0.0,0.1527777777777778,1.2963624321753373,0.0,0.0,0.5326402927621298,0.320706518040934,Lower in Halitosis,,0.6789267133798242,0.48129511271959075
Actinomyces gaoshouyii,0.00980392156862745,0.013888888888888888,0.0,0.0,0.0,0.0,0.0,0.0,0.0,0.08333333333333333,0.7071067811865476,0.0,0.0,0.5326402927621298,0.320706518040934,Lower in Halitosis,,0.6789267133798242,0.48129511271959075
Bacteroides zoogleoformans,0.00980392156862745,0.013888888888888888,0.0,0.0,0.0,0.0,0.0,0.0,0.0,0.027777777777777776,0.23570226039551587,0.0,0.0,0.5326402927621298,0.32070651804093414,Lower in Halitosis,,0.6789267133798242,0.48129511271959075
Acinetobacter schindleri,0.00980392156862745,0.013888888888888888,0.0,0.0,0.0,0.0,0.0,0.0,0.0,0.027777777777777776,0.23570226039551587,0.0,0.0,0.5326402927621298,0.32070651804093414,Lower in Halitosis,,0.6789267133798242,0.48129511271959075
Sporocytophaga myxococcoides,0.00980392156862745,0.013888888888888888,0.0,0.0,0.0,0.0,0.0,0.0,0.0,0.013888888888888888,0.11785113019775793,0.0,0.0,0.5326402927621298,0.32070651804093414,Lower in Halitosis,,0.6789267133798242,0.48129511271959075
Bradyrhizobium valentinum,0.00980392156862745,0.013888888888888888,0.0,0.0,0.0,0.0,0.0,0.0,0.0,0.09722222222222222,0.8249579113843054,0.0,0.0,0.5326402927621298,0.320706518040934,Lower in Halitosis,,0.6789267133798242,0.48129511271959075
Blautia wexlerae,0.00980392156862745,0.013888888888888888,0.0,0.0,0.0,0.0,0.0,0.0,0.0,0.06944444444444445,0.5892556509887895,0.0,0.0,0.5326402927621298,0.320706518040934,Lower in Halitosis,,0.6789267133798242,0.48129511271959075
Sphingomonas pituitosa,0.00980392156862745,0.013888888888888888,0.0,0.0,0.0,0.0,0.0,0.0,0.0,0.013888888888888888,0.11785113019775793,0.0,0.0,0.5326402927621298,0.32070651804093414,Lower in Halitosis,,0.6789267133798242,0.48129511271959075
Sphingomonas jeddahensis,0.00980392156862745,0.013888888888888888,0.0,0.0,0.0,0.0,0.0,0.0,0.0,0.05555555555555555,0.47140452079103173,0.0,0.0,0.5326402927621298,0.32070651804093414,Lower in Halitosis,,0.6789267133798242,0.48129511271959075
Streptococcus downei,0.00980392156862745,0.013888888888888888,0.0,0.0,0.0,0.0,0.0,0.0,0.0,0.05555555555555555,0.47140452079103173,0.0,0.0,0.5326402927621298,0.32070651804093414,Lower in Halitosis,,0.6789267133798242,0.48129511271959075
Streptococcus agalactiae,0.00980392156862745,0.013888888888888888,0.0,0.0,0.0,0.0,0.0,0.0,0.0,0.027777777777777776,0.2357022603955159,0.0,0.0,0.5326402927621298,0.3207065180409341,Lower in Halitosis,,0.6789267133798242,0.48129511271959075
Dialister micraerophilus,0.00980392156862745,0.013888888888888888,0.0,0.0,0.0,0.0,0.0,0.0,0.0,0.2777777777777778,2.357022603955158,0.0,0.0,0.5326402927621298,0.320706518040934,Lower in Halitosis,,0.6789267133798242,0.48129511271959075
Corynebacterium accolens,0.00980392156862745,0.013888888888888888,0.0,0.0,0.0,0.0,0.0,0.0,0.0,0.041666666666666664,0.35355339059327373,0.0,0.0,0.5326402927621298,0.320706518040934,Lower in Halitosis,,0.6789267133798242,0.48129511271959075
Streptococcus lactarius,0.00980392156862745,0.013888888888888888,0.0,0.0,0.0,0.0,0.0,0.0,0.0,0.013888888888888888,0.11785113019775793,0.0,0.0,0.5326402927621298,0.32070651804093414,Lower in Halitosis,,0.6789267133798242,0.48129511271959075
Clostridium saudiense,0.00980392156862745,0.013888888888888888,0.0,0.0,0.0,0.0,0.0,0.0,0.0,0.041666666666666664,0.3535533905932738,0.0,0.0,0.5326402927621298,0.320706518040934,Lower in Halitosis,,0.6789267133798242,0.48129511271959075
Cellulomonas flavigena,0.00980392156862745,0.013888888888888888,0.0,0.0,0.0,0.0,0.0,0.0,0.0,0.013888888888888888,0.11785113019775793,0.0,0.0,0.5326402927621298,0.32070651804093414,Lower in Halitosis,,0.6789267133798242,0.48129511271959075
Chthoniobacter flavus,0.00980392156862745,0.013888888888888888,0.0,0.0,0.0,0.0,0.0,0.0,0.0,0.06944444444444445,0.5892556509887896,0.0,0.0,0.5326402927621298,0.320706518040934,Lower in Halitosis,,0.6789267133798242,0.48129511271959075
Pediococcus inopinatus,0.00980392156862745,0.013888888888888888,0.0,0.0,0.0,0.0,0.0,0.0,0.0,0.027777777777777776,0.23570226039551587,0.0,0.0,0.5326402927621298,0.32070651804093414,Lower in Halitosis,,0.6789267133798242,0.48129511271959075
Phocaeicola dorei,0.00980392156862745,0.013888888888888888,0.0,0.0,0.0,0.0,0.0,0.0,0.0,0.027777777777777776,0.23570226039551587,0.0,0.0,0.5326402927621298,0.32070651804093414,Lower in Halitosis,,0.6789267133798242,0.48129511271959075
Faecalitalea cylindroides,0.00980392156862745,0.013888888888888888,0.0,0.0,0.0,0.0,0.0,0.0,0.0,0.027777777777777776,0.23570226039551587,0.0,0.0,0.5326402927621298,0.32070651804093414,Lower in Halitosis,,0.6789267133798242,0.48129511271959075
Finegoldia magna,0.00980392156862745,0.013888888888888888,0.0,0.0,0.0,0.0,0.0,0.0,0.0,0.041666666666666664,0.3535533905932738,0.0,0.0,0.5326402927621298,0.320706518040934,Lower in Halitosis,,0.6789267133798242,0.48129511271959075
Enterococcus diestrammenae,0.00980392156862745,0.013888888888888888,0.0,0.0,0.0,0.0,0.0,0.0,0.0,0.013888888888888888,0.11785113019775795,0.0,0.0,0.5326402927621298,0.3207065180409341,Lower in Halitosis,,0.6789267133798242,0.48129511271959075
Peptoniphilus asaccharolyticus,0.00980392156862745,0.013888888888888888,0.0,0.0,0.0,0.0,0.0,0.0,0.0,0.027777777777777776,0.23570226039551587,0.0,0.0,0.5326402927621298,0.32070651804093414,Lower in Halitosis,,0.6789267133798242,0.48129511271959075
Proteiniphilum acetatigenes,0.00980392156862745,0.013888888888888888,0.0,0.0,0.0,0.0,0.0,0.0,0.0,0.09722222222222222,0.8249579113843054,0.0,0.0,0.5326402927621298,0.320706518040934,Lower in Halitosis,,0.6789267133798242,0.48129511271959075
Herbaspirillum robiniae,0.00980392156862745,0.013888888888888888,0.0,0.0,0.0,0.0,0.0,0.0,0.0,0.013888888888888888,0.11785113019775795,0.0,0.0,0.5326402927621298,0.3207065180409341,Lower in Halitosis,,0.6789267133798242,0.48129511271959075
Hungatella hathewayi,0.00980392156862745,0.013888888888888888,0.0,0.0,0.0,0.0,0.0,0.0,0.0,0.041666666666666664,0.3535533905932738,0.0,0.0,0.5326402927621298,0.320706518040934,Lower in Halitosis,,0.6789267133798242,0.48129511271959075
Halarcobacter bivalviorum,0.00980392156862745,0.013888888888888888,0.0,0.0,0.0,0.0,0.0,0.0,0.0,0.013888888888888888,0.11785113019775793,0.0,0.0,0.5326402927621298,0.32070651804093414,Lower in Halitosis,,0.6789267133798242,0.48129511271959075
Mycoplasma orale,0.00980392156862745,0.013888888888888888,0.0,0.0,0.0,0.0,0.0,0.0,0.0,0.041666666666666664,0.3535533905932738,0.0,0.0,0.5326402927621298,0.320706518040934,Lower in Halitosis,,0.6789267133798242,0.48129511271959075
Lactobacillus hominis,0.00980392156862745,0.013888888888888888,0.0,0.0,0.0,0.0,0.0,0.0,0.0,0.041666666666666664,0.3535533905932738,0.0,0.0,0.5326402927621298,0.320706518040934,Lower in Halitosis,,0.6789267133798242,0.48129511271959075
Lacrimispora xylanolytica,0.00980392156862745,0.013888888888888888,0.0,0.0,0.0,0.0,0.0,0.0,0.0,0.013888888888888888,0.11785113019775795,0.0,0.0,0.5326402927621298,0.3207065180409341,Lower in Halitosis,,0.6789267133798242,0.48129511271959075
Kaistella haifensis,0.00980392156862745,0.013888888888888888,0.0,0.0,0.0,0.0,0.0,0.0,0.0,0.16666666666666666,1.4142135623730951,0.0,0.0,0.5326402927621298,0.320706518040934,Lower in Halitosis,,0.6789267133798242,0.48129511271959075
Lactobacillus ultunensis,0.00980392156862745,0.013888888888888888,0.0,0.0,0.0,0.0,0.0,0.0,0.0,0.1527777777777778,1.296362432175337,0.0,0.0,0.5326402927621298,0.320706518040934,Lower in Halitosis,,0.6789267133798242,0.48129511271959075
Legionella waltersii,0.00980392156862745,0.013888888888888888,0.0,0.0,0.0,0.0,0.0,0.0,0.0,0.05555555555555555,0.47140452079103173,0.0,0.0,0.5326402927621298,0.32070651804093414,Lower in Halitosis,,0.6789267133798242,0.48129511271959075
Oscillibacter ruminantium,0.00980392156862745,0.013888888888888888,0.0,0.0,0.0,0.0,0.0,0.0,0.0,0.013888888888888888,0.11785113019775793,0.0,0.0,0.5326402927621298,0.32070651804093414,Lower in Halitosis,,0.6789267133798242,0.48129511271959075
Paenarthrobacter ureafaciens,0.00980392156862745,0.013888888888888888,0.0,0.0,0.0,0.0,0.0,0.0,0.0,0.027777777777777776,0.23570226039551587,0.0,0.0,0.5326402927621298,0.32070651804093414,Lower in Halitosis,,0.6789267133798242,0.48129511271959075
Actinomyces haliotis,0.00980392156862745,0.013888888888888888,0.0,0.0,0.0,0.0,0.0,0.0,0.0,0.041666666666666664,0.3535533905932738,0.0,0.0,0.5326402927621298,0.32070651804093414,Lower in Halitosis,,0.6789267133798242,0.48129511271959075
Marseilla massiliensis,0.00980392156862745,0.013888888888888888,0.0,0.0,0.0,0.0,0.0,0.0,0.0,0.09722222222222222,0.8249579113843054,0.0,0.0,0.5326402927621298,0.320706518040934,Lower in Halitosis,,0.6789267133798242,0.48129511271959075
Succiniclasticum ruminis,0.00980392156862745,0.013888888888888888,0.0,0.0,0.0,0.0,0.0,0.0,0.0,0.041666666666666664,0.3535533905932738,0.0,0.0,0.5326402927621298,0.320706518040934,Lower in Halitosis,,0.6789267133798242,0.48129511271959075
Adlercreutzia equolifaciens,0.00980392156862745,0.013888888888888888,0.0,0.0,0.0,0.0,0.0,0.0,0.0,0.05555555555555555,0.47140452079103173,0.0,0.0,0.5326402927621298,0.32070651804093414,Lower in Halitosis,,0.6789267133798242,0.48129511271959075
Tabrizicola aquatica,0.00980392156862745,0.013888888888888888,0.0,0.0,0.0,0.0,0.0,0.0,0.0,0.013888888888888888,0.11785113019775793,0.0,0.0,0.5326402927621298,0.32070651804093414,Lower in Halitosis,,0.6789267133798242,0.48129511271959075
Suttonella indologenes,0.00980392156862745,0.013888888888888888,0.0,0.0,0.0,0.0,0.0,0.0,0.0,1.3611111111111112,11.549410759380278,0.0,0.0,0.5326402927621298,0.320706518040934,Lower in Halitosis,,0.6789267133798242,0.48129511271959075
Treponema brennaborense,0.00980392156862745,0.013888888888888888,0.0,0.0,0.0,0.0,0.0,0.0,0.0,0.013888888888888888,0.11785113019775795,0.0,0.0,0.5326402927621298,0.3207065180409341,Lower in Halitosis,,0.6789267133798242,0.48129511271959075
Treponema pectinovorum,0.00980392156862745,0.013888888888888888,0.0,0.0,0.0,0.0,0.0,0.0,0.0,0.013888888888888888,0.11785113019775793,0.0,0.0,0.5326402927621298,0.32070651804093414,Lower in Halitosis,,0.6789267133798242,0.48129511271959075
Staphylococcus edaphicus,0.00980392156862745,0.013888888888888888,0.0,0.0,0.0,0.0,0.0,0.0,0.0,0.3333333333333333,2.8284271247461903,0.0,0.0,0.5326402927621298,0.320706518040934,Lower in Halitosis,,0.6789267133798242,0.48129511271959075
Dysgonomonas capnocytophagoides,0.00980392156862745,0.013888888888888888,0.0,0.0,0.0,0.0,0.0,0.0,0.0,0.3333333333333333,2.8284271247461903,0.0,0.0,0.5326402927621298,0.32070651804093414,Lower in Halitosis,,0.6789267133798242,0.48129511271959075
Staphylococcus intermedius,0.00980392156862745,0.013888888888888888,0.0,0.0,0.0,0.0,0.0,0.0,0.0,0.041666666666666664,0.3535533905932738,0.0,0.0,0.5326402927621298,0.320706518040934,Lower in Halitosis,,0.6789267133798242,0.48129511271959075
Streptococcus saliviloxodontae,0.0196078431372549,0.013888888888888888,0.03333333333333333,0.0,0.0,0.0,0.0,0.0,0.0,0.08333333333333333,0.7071067811865476,0.13333333333333333,0.7302967433402213,0.5408117202167717,0.7517399649514274,Higher in Halitosis,,0.6789267133798242,0.8269641306292665
Pelospora glutarica,0.0196078431372549,0.013888888888888888,0.03333333333333333,0.0,0.0,0.0,0.0,0.0,0.0,0.25,2.1213203435596424,0.13333333333333333,0.7302967433402213,0.5408117202167717,0.6814132250076912,Higher in Halitosis,,0.6789267133798242,0.779685017847573
Lactonifactor longoviformis,0.0196078431372549,0.013888888888888888,0.03333333333333333,0.0,0.0,0.0,0.0,0.0,0.0,0.041666666666666664,0.3535533905932738,0.06666666666666667,0.3651483716701107,0.5408117202167717,0.7517399649514274,Higher in Halitosis,,0.6789267133798242,0.8269641306292665
Streptococcus thermophilus,0.0196078431372549,0.013888888888888888,0.03333333333333333,0.0,0.0,0.0,0.0,0.0,0.0,1.0833333333333333,9.192388155425121,0.06666666666666667,0.36514837167011066,0.5408117202167717,0.352069809435949,Higher in Halitosis,,0.6789267133798242,0.5075776757945838
Leuconostoc citreum,0.0196078431372549,0.013888888888888888,0.03333333333333333,0.0,0.0,0.0,0.0,0.0,0.0,0.09722222222222222,0.8249579113843055,0.03333333333333333,0.18257418583505533,0.5408117202167717,0.5358394552344696,Higher in Halitosis,,0.6789267133798242,0.6671386943416455
Peptoniphilus lacydonensis,0.0196078431372549,0.013888888888888888,0.03333333333333333,0.0,0.0,0.0,0.0,0.0,0.0,0.027777777777777776,0.23570226039551587,0.03333333333333333,0.18257418583505533,0.5408117202167717,0.8984892293660661,Higher in Halitosis,,0.6789267133798242,0.9257161757104924
Anaerostipes hadrus,0.0196078431372549,0.013888888888888888,0.03333333333333333,0.0,0.0,0.0,0.0,0.0,0.0,0.06944444444444445,0.5892556509887895,0.06666666666666667,0.36514837167011066,0.5408117202167717,0.9770473772654298,Higher in Halitosis,,0.6789267133798242,0.9827014594915748
Peptococcus simiae,0.0196078431372549,0.013888888888888888,0.03333333333333333,0.0,0.0,0.0,0.0,0.0,0.0,0.041666666666666664,0.35355339059327373,0.03333333333333333,0.18257418583505536,0.5408117202167717,0.8762262487252876,Higher in Halitosis,,0.6789267133798242,0.9166674602049163
Lactococcus lactis,0.0196078431372549,0.013888888888888888,0.03333333333333333,0.0,0.0,0.0,0.0,0.0,0.0,0.3472222222222222,2.946278254943948,0.2,1.0954451150103321,0.5408117202167717,0.7140963744405734,Higher in Halitosis,,0.6789267133798242,0.8026207183794875
Rothia terrae,0.0196078431372549,0.013888888888888888,0.03333333333333333,0.0,0.0,0.0,0.0,0.0,0.0,0.05555555555555555,0.47140452079103173,0.06666666666666667,0.36514837167011066,0.5408117202167717,0.8984892293660661,Higher in Halitosis,,0.6789267133798242,0.9257161757104924
Bowdeniella nasicola,0.0196078431372549,0.013888888888888888,0.03333333333333333,0.0,0.0,0.0,0.0,0.0,0.0,0.027777777777777776,0.23570226039551587,0.03333333333333333,0.18257418583505533,0.5408117202167717,0.8984892293660661,Higher in Halitosis,,0.6789267133798242,0.9257161757104924
Actinomyces massiliensis,0.6764705882352942,0.6805555555555556,0.6666666666666666,19.5,0.0,53.75,13.5,0.0,33.0,35.55555555555556,47.5598626163005,43.5,112.07132888754684,0.5549691271116532,0.7104185878565836,Lower in Halitosis,0.7626106372554691,0.6945625885323758,0.8008119970440891
Streptococcus gordonii,0.5490196078431373,0.5833333333333334,0.4666666666666667,14.5,0.0,64.25,0.0,0.0,87.0,87.26388888888889,221.4465880380134,90.13333333333334,203.99894072296541,0.5684967446827238,0.9499054289392724,Lower in Halitosis,0.7759212326075015,0.7093170392371599,0.9689035375180579
Propionibacterium acidifaciens,0.12745098039215685,0.1388888888888889,0.1,0.0,0.0,0.0,0.0,0.0,0.0,1.0277777777777777,3.2239081445614484,0.5,1.7762804997502797,0.5726970649126081,0.29347414493817353,Lower in Halitosis,0.7764081014251465,0.7123792758669028,0.48129511271959075
Selenomonas sputigena,0.5,0.4722222222222222,0.5666666666666667,0.0,0.0,11.0,3.0,0.0,14.75,32.236111111111114,172.69051476236004,9.6,15.379341271037408,0.5798407428728327,0.27413312856564925,Higher in Halitosis,0.7778739365403798,0.7189207543111269,0.48129511271959075
Prevotella albensis,0.5490196078431373,0.5833333333333334,0.4666666666666667,3.5,0.0,13.0,0.0,0.0,11.5,8.597222222222221,13.657438485239124,7.4,11.472906615452626,0.5814800218692938,0.6519231330281039,Lower in Halitosis,0.7778739365403798,0.7189207543111269,0.7599561093584755
Gemella parahaemolysans,0.10784313725490197,0.09722222222222222,0.13333333333333333,0.0,0.0,0.0,0.0,0.0,0.0,6.555555555555555,42.294370447117394,5.1,17.003752121425926,0.5900398376603531,0.8047403507645784,Higher in Halitosis,0.779800854354408,0.7272998603185017,0.868608632571291
Rothia mucilaginosa,1.0,1.0,1.0,5096.0,2740.25,7772.75,4287.0,2655.0,8916.75,5631.236111111111,3787.2694890782427,5278.8,3782.722832509171,0.5918694640180998,0.669908706825881,Lower in Halitosis,0.779800854354408,0.7273576545764601,0.7758985345253293
Porphyromonas catoniae,0.30392156862745096,0.3194444444444444,0.26666666666666666,0.0,0.0,3.25,0.0,0.0,2.25,3.388888888888889,7.219994841314445,3.1,7.684960682375359,0.5945016414385091,0.8609441040991823,Lower in Halitosis,0.779800854354408,0.7283984075282635,0.9092724165905253
Arachnia rubra,0.3627450980392157,0.375,0.3333333333333333,0.0,0.0,5.0,0.0,0.0,3.5,5.069444444444445,17.286587154833622,2.3333333333333335,4.179864156622329,0.5997950409430219,0.21182418730002808,Lower in Halitosis,0.7816683759386479,0.7326837625890807,0.48129511271959075
Mageeibacillus indolicus,0.049019607843137254,0.041666666666666664,0.06666666666666667,0.0,0.0,0.0,0.0,0.0,0.0,0.1111111111111111,0.6403246437958399,0.2,0.9247553264475439,0.6029154200695803,0.633313332108514,Higher in Halitosis,,0.7342969892190709,0.7489618536239818
Prevotella pallens,0.7058823529411765,0.7222222222222222,0.6666666666666666,33.0,0.0,75.0,18.5,0.0,74.5,61.875,106.97464982053155,54.86666666666667,83.78491895131343,0.6103146352317579,0.7247551753537054,Lower in Halitosis,0.7902792071590711,0.7410963427814203,0.8079238020336388
Eikenella corrodens,0.049019607843137254,0.05555555555555555,0.03333333333333333,0.0,0.0,0.0,0.0,0.0,0.0,0.4861111111111111,2.3556528089883115,0.23333333333333334,1.2780193008453875,0.6305649552957591,0.4875224469419054,Lower in Halitosis,,0.7633746554856691,0.627473685653935
Neisseria bacilliformis,0.1568627450980392,0.16666666666666666,0.13333333333333333,0.0,0.0,0.0,0.0,0.0,0.0,2.125,7.749488851839761,1.1,3.826856096877291,0.6342625695389806,0.37492592689463816,Lower in Halitosis,0.8109079433225932,0.7633746554856691,0.5311450631007374
Prevotella scopos,0.1568627450980392,0.16666666666666666,0.13333333333333333,0.0,0.0,0.0,0.0,0.0,0.0,3.875,14.98725984783339,1.0,2.81620923987523,0.6342745299255927,0.12193331545266121,Lower in Halitosis,0.8109079433225932,0.7633746554856691,0.48129511271959075
Campylobacter showae,0.5686274509803921,0.5694444444444444,0.5666666666666667,2.5,0.0,19.25,3.5,0.0,11.5,14.958333333333334,27.056767396934745,11.866666666666667,21.596189531925543,0.6485766060236493,0.5441151964891036,Lower in Halitosis,0.823977826520611,0.7782919272283791,0.6747689974697697
Rothia dentocariosa,0.9411764705882353,0.9305555555555556,0.9666666666666667,84.5,25.75,210.25,65.5,27.75,123.0,168.59722222222223,254.03452464278382,170.46666666666667,328.6392774953166,0.6541143206835822,0.9778842954744593,Lower in Halitosis,0.8258193298630225,0.7805355367573347,0.9827014594915748
Prevotella multiformis,0.08823529411764706,0.09722222222222222,0.06666666666666667,0.0,0.0,0.0,0.0,0.0,0.0,1.4027777777777777,6.929544265286833,1.1,4.873220276374645,0.65427243522306,0.8027146758688984,Lower in Halitosis,,0.7805355367573347,0.868608632571291
Emergencia timonensis,0.08823529411764706,0.09722222222222222,0.06666666666666667,0.0,0.0,0.0,0.0,0.0,0.0,1.7222222222222223,9.857037554882929,1.0666666666666667,4.193042951771696,0.6596685162040445,0.6385204490812824,Lower in Halitosis,,0.7831412262767709,0.7507675597266952
Centipeda periodontii,0.6470588235294118,0.6805555555555556,0.5666666666666667,6.5,0.0,24.0,5.5,0.0,24.25,36.666666666666664,153.1136004667362,17.233333333333334,25.20219384721583,0.6602955437235519,0.29984030398765776,Lower in Halitosis,0.8284453405724067,0.7831412262767709,0.48129511271959075
Actinomyces johnsonii,0.6764705882352942,0.6527777777777778,0.7333333333333333,28.5,0.0,63.0,23.0,0.75,44.0,64.58333333333333,151.94121824842955,59.53333333333333,188.98197931482022,0.6701691056912651,0.8972117094137144,Lower in Halitosis,0.8342636344769161,0.7925478119479309,0.9257161757104924
Prevotella fusca,0.049019607843137254,0.05555555555555555,0.03333333333333333,0.0,0.0,0.0,0.0,0.0,0.0,0.3194444444444444,1.382245457186372,0.6666666666666666,3.6514837167011076,0.6729879853304443,0.6163058719476912,Lower in Halitosis,,0.7935812081353216,0.7330985298969621
Prevotellamassilia timonensis,0.14705882352941177,0.1388888888888889,0.16666666666666666,0.0,0.0,0.0,0.0,0.0,0.0,1.9444444444444444,7.0528964959643075,5.1,16.26790790440513,0.6764834228510225,0.3135482354307132,Higher in Halitosis,0.8342636344769161,0.7941027698605811,0.48129511271959075
Olsenella phocaeensis,0.8235294117647058,0.8194444444444444,0.8333333333333334,25.5,7.5,71.75,26.5,11.25,83.25,54.388888888888886,75.41165067748466,61.63333333333333,82.8798396239517,0.6773229507634368,0.6815014472512585,Higher in Halitosis,0.8342636344769161,0.7941027698605811,0.779685017847573
Selenomonas artemidis,0.14705882352941177,0.1527777777777778,0.13333333333333333,0.0,0.0,0.0,0.0,0.0,0.0,2.0972222222222223,6.3026033570804945,0.6333333333333333,2.1251098686945546,0.6852152843253556,0.08381259837221502,Lower in Halitosis,0.8375145727052632,0.8010539713603012,0.48129511271959075
Shuttleworthia satelles,0.5196078431372549,0.5277777777777778,0.5,1.5,0.0,7.25,0.5,0.0,15.0,8.48611111111111,18.28644772991818,11.2,16.667953973273754,0.6882545498468994,0.4696069274315917,Higher in Halitosis,0.8375145727052632,0.8023081609643856,0.618063310942224
Aggregatibacter aphrophilus,0.37254901960784315,0.3611111111111111,0.4,0.0,0.0,14.5,0.0,0.0,6.0,13.01388888888889,40.481083412391534,4.333333333333333,8.146644468242986,0.7158911711014567,0.0860594156449782,Lower in Halitosis,0.8659282428891872,0.8321470023059667,0.48129511271959075
Prevotella micans,0.16666666666666666,0.1527777777777778,0.2,0.0,0.0,0.0,0.0,0.0,0.0,1.2777777777777777,4.018346034294483,0.7333333333333333,2.753472207123635,0.7214998953508632,0.432895599703882,Higher in Halitosis,0.8675177313147284,0.8362839696112278,0.5838706969548128
Alloprevotella rava,0.7352941176470589,0.7222222222222222,0.7666666666666667,15.5,0.0,45.75,9.5,2.75,71.5,43.416666666666664,89.5320778143034,50.96666666666667,78.6267846498114,0.7330695582656122,0.6732060814263887,Higher in Halitosis,0.8742892625889047,0.8472871948225772,0.7758985345253293
Selenomonas noxia,0.6568627450980392,0.6666666666666666,0.6333333333333333,6.0,0.0,17.25,4.0,0.0,17.5,21.38888888888889,48.75739179946023,17.333333333333332,29.931339052425713,0.741438002238813,0.6103596998805373,Lower in Halitosis,0.8742892625889047,0.853672471822482,0.7290564691084584
Leptotrichia shahii,0.11764705882352941,0.125,0.1,0.0,0.0,0.0,0.0,0.0,0.0,0.8611111111111112,2.9943870286957366,0.6666666666666666,2.1063669217862784,0.7427787438651497,0.7105243699263731,Lower in Halitosis,0.8742892625889047,0.853672471822482,0.8008119970440891
Neisseria mucosa,0.37254901960784315,0.3888888888888889,0.3333333333333333,0.0,0.0,7.5,0.0,0.0,22.5,68.80555555555556,324.6098693703639,10.0,16.768196497927363,0.7477419041424598,0.1298427871649332,Lower in Halitosis,0.8742892625889047,0.8557399854476974,0.48129511271959075
[Eubacterium] infirmum,0.30392156862745096,0.2916666666666667,0.3333333333333333,0.0,0.0,5.25,0.0,0.0,3.5,11.555555555555555,32.049209033718924,12.033333333333333,28.114891542326497,0.7487724872667352,0.9404818657187469,Higher in Halitosis,0.8742892625889047,0.8557399854476974,0.9641120633498712
Neisseria subflava,0.6666666666666666,0.6805555555555556,0.6333333333333333,16.0,0.0,113.0,16.0,0.0,144.5,201.51388888888889,549.5773790641585,126.33333333333333,230.7861128513964,0.7532655485884673,0.3329093343206874,Lower in Halitosis,0.8744806943383356,0.8584702341455158,0.4887540025341827
Lancefieldella rimae,0.6274509803921569,0.625,0.6333333333333333,12.0,0.0,36.0,15.0,0.0,41.75,34.388888888888886,62.89843267165614,29.3,36.40211248133064,0.7744126572773181,0.6105061797909619,Higher in Halitosis,0.8894178294217138,0.8801124350115482,0.7290564691084584
Treponema maltophilum,0.23529411764705882,0.25,0.2,0.0,0.0,0.25,0.0,0.0,0.0,2.9027777777777777,9.418530913557595,4.566666666666666,12.322346768576896,0.7820944735857288,0.5106440131216663,Lower in Halitosis,0.8894178294217138,0.8833362568229658,0.6470271967504343
[Eubacterium] yurii,0.17647058823529413,0.16666666666666666,0.2,0.0,0.0,0.0,0.0,0.0,0.0,1.9583333333333333,7.828149818281762,1.3666666666666667,4.350848774373945,0.7822895178194609,0.6281245167949722,Higher in Halitosis,0.8894178294217138,0.8833362568229658,0.7449848920126414
Streptobacillus hongkongensis,0.2647058823529412,0.2638888888888889,0.26666666666666666,0.0,0.0,1.0,0.0,0.0,1.5,3.4305555555555554,14.442529516741189,0.9666666666666667,1.8473342085721571,0.7837444239458666,0.15968291889299602,Lower in Halitosis,0.8894178294217138,0.8833362568229658,0.48129511271959075
Streptococcus cristatus,0.5294117647058824,0.5,0.6,0.5,0.0,14.25,3.0,0.0,8.0,16.15277777777778,34.394832449330636,5.566666666666666,6.750138355329612,0.7888771193691527,0.014437870254815284,Higher in Halitosis,0.8902412185059713,0.8866718035884692,0.3716360456196733
Cutibacterium acnes,0.058823529411764705,0.05555555555555555,0.06666666666666667,0.0,0.0,0.0,0.0,0.0,0.0,0.2916666666666667,1.495886378151104,0.8,3.2206231994915897,0.7939864075833327,0.41333807773061365,Higher in Halitosis,,0.8899627865219772,0.5678179653673077
Howardella ureilytica,0.08823529411764706,0.08333333333333333,0.1,0.0,0.0,0.0,0.0,0.0,0.0,0.2361111111111111,0.8800296978912581,0.5666666666666667,2.5688227993991033,0.7996617366370575,0.4963160153864256,Higher in Halitosis,,0.8938684617751218,0.6328029196176926
Peptidiphaga gingivicola,0.6078431372549019,0.5833333333333334,0.6666666666666666,7.0,0.0,25.5,11.0,0.0,22.25,49.47222222222222,164.4672125569707,17.533333333333335,25.982398993766232,0.8054872947879946,0.11346053164720402,Higher in Halitosis,0.8950980340503377,0.8977928487074097,0.48129511271959075
Schaalia georgiae,0.5490196078431373,0.5555555555555556,0.5333333333333333,3.5,0.0,16.0,4.5,0.0,15.0,25.61111111111111,89.6353419287934,25.2,47.82828480707004,0.8081807474313779,0.9761339322262728,Higher in Halitosis,0.8950980340503377,0.8977928487074097,0.9827014594915748
Prevotella veroralis,0.21568627450980393,0.2222222222222222,0.2,0.0,0.0,0.0,0.0,0.0,0.0,9.666666666666666,27.439048971323775,7.766666666666667,19.641060673187074,0.8103874444030601,0.6950777910180007,Lower in Halitosis,0.8950980340503377,0.8977928487074097,0.7899491329675329
Mycoplasma faucium,0.1568627450980392,0.1527777777777778,0.16666666666666666,0.0,0.0,0.0,0.0,0.0,0.0,5.652777777777778,42.04396080369449,1.6,4.6431261763660014,0.8119744146397897,0.4226660449934254,Higher in Halitosis,0.8950980340503377,0.8977928487074097,0.5748258211910585
Treponema denticola,0.39215686274509803,0.3888888888888889,0.4,0.0,0.0,6.0,0.0,0.0,7.0,8.055555555555555,16.201103152223393,19.533333333333335,55.843829859110954,0.8153368230953572,0.27700066187123645,Higher in Halitosis,0.8950980340503377,0.8990741184402857,0.48129511271959075
Haemophilus sputorum,0.10784313725490197,0.1111111111111111,0.1,0.0,0.0,0.0,0.0,0.0,0.0,10.277777777777779,49.913226738439576,2.8666666666666667,11.36156052095241,0.8219331501158074,0.23801490388960114,Lower in Halitosis,0.8974621422886112,0.9039049198039067,0.48129511271959075
Corynebacterium kroppenstedtii,0.0392156862745098,0.041666666666666664,0.03333333333333333,0.0,0.0,0.0,0.0,0.0,0.0,0.125,0.6265825035881682,0.03333333333333333,0.18257418583505533,0.8271333128325656,0.26077056745809607,Lower in Halitosis,,0.9047463582726187,0.48129511271959075
Granulicatella elegans,0.0392156862745098,0.041666666666666664,0.03333333333333333,0.0,0.0,0.0,0.0,0.0,0.0,0.4722222222222222,2.4835924810430523,0.1,0.5477225575051661,0.8271333128325656,0.23213092594539841,Lower in Halitosis,,0.9047463582726187,0.48129511271959075
Leptotrichia wadei,0.3627450980392157,0.3472222222222222,0.4,0.0,0.0,8.0,0.0,0.0,7.0,6.916666666666667,14.562879687367207,7.6,20.032043296196463,0.8411055504347789,0.8664905830489392,Higher in Halitosis,0.913458716063577,0.9171441808227896,0.911155046092699
Peptoanaerobacter stomatis,0.058823529411764705,0.05555555555555555,0.06666666666666667,0.0,0.0,0.0,0.0,0.0,0.0,0.375,2.2166940236230612,0.3333333333333333,1.6470105276411926,0.8429634014915345,0.9169798601495911,Higher in Halitosis,,0.9171441808227896,0.942387362571872
Christensenella minuta,0.11764705882352941,0.1111111111111111,0.13333333333333333,0.0,0.0,0.0,0.0,0.0,0.0,0.8055555555555556,3.300187313885268,0.4,1.0699661612438482,0.854187263901746,0.35376333129989523,Higher in Halitosis,0.9210137022710269,0.925914501002582,0.5082233773604129
Gemella sanguinis,0.9313725490196079,0.9305555555555556,0.9333333333333333,390.5,180.0,824.5,318.5,235.75,796.0,637.9166666666666,729.0793297125385,515.9333333333333,441.7827468363821,0.8571810694403617,0.3035136600714324,Lower in Halitosis,0.9210137022710269,0.925914501002582,0.48129511271959075
Fusobacterium simiae,0.08823529411764706,0.08333333333333333,0.1,0.0,0.0,0.0,0.0,0.0,0.0,1.4444444444444444,5.017964597433451,0.8666666666666667,3.256117143251255,0.857832552399451,0.4927452151224344,Higher in Halitosis,,0.925914501002582,0.6318444179959095
Arthrobacter agilis,0.029411764705882353,0.027777777777777776,0.03333333333333333,0.0,0.0,0.0,0.0,0.0,0.0,0.05555555555555555,0.33097759121154113,1.6666666666666667,9.12870929175277,0.8704391160455265,0.341825065099212,Higher in Halitosis,,0.9358477490998156,0.49788819560045616
Prevotella aurantiaca,0.09803921568627451,0.09722222222222222,0.1,0.0,0.0,0.0,0.0,0.0,0.0,5.263888888888889,29.975103780226807,19.5,64.71835533479957,0.8755847836722255,0.25633893686559417,Higher in Halitosis,,0.9358477490998156,0.48129511271959075
Moraxella osloensis,0.058823529411764705,0.05555555555555555,0.06666666666666667,0.0,0.0,0.0,0.0,0.0,0.0,0.1527777777777778,0.7811101204979283,0.06666666666666667,0.2537081317024625,0.878326461916917,0.4054409287884973,Higher in Halitosis,,0.9358477490998156,0.5624901111789334
Actinomyces howellii,0.0392156862745098,0.041666666666666664,0.03333333333333333,0.0,0.0,0.0,0.0,0.0,0.0,0.06944444444444445,0.34909899677049466,1.4,7.668115805072326,0.8785011234008788,0.3499560718345975,Lower in Halitosis,,0.9358477490998156,0.5063194230798431
Corynebacterium argentoratense,0.0392156862745098,0.041666666666666664,0.03333333333333333,0.0,0.0,0.0,0.0,0.0,0.0,6.902777777777778,41.57571058304516,25.233333333333334,138.2086586771369,0.878504137022621,0.4810685449385508,Lower in Halitosis,,0.9358477490998156,0.6229523814767345
Haemophilus parahaemolyticus,0.08823529411764706,0.08333333333333333,0.1,0.0,0.0,0.0,0.0,0.0,0.0,1.9861111111111112,9.2256425487976,0.4666666666666667,1.6131642354623141,0.8813326912589781,0.18114224506382634,Higher in Halitosis,,0.9361508691683307,0.48129511271959075
Parascardovia denticolens,0.13725490196078433,0.1388888888888889,0.13333333333333333,0.0,0.0,0.0,0.0,0.0,0.0,3.5833333333333335,10.713621709806871,2.6,10.1594189353254,0.8877217963400142,0.6628630158535702,Lower in Halitosis,0.9465819407954703,0.9361508691683307,0.7705074372315004
Prevotella enoeca,0.029411764705882353,0.027777777777777776,0.03333333333333333,0.0,0.0,0.0,0.0,0.0,0.0,0.09722222222222222,0.7152212741861873,0.1,0.5477225575051662,0.8902374418560435,0.9831149350337449,Higher in Halitosis,,0.9361508691683307,0.9831149350337449
Campylobacter curvus,0.029411764705882353,0.027777777777777776,0.03333333333333333,0.0,0.0,0.0,0.0,0.0,0.0,0.1388888888888889,0.8929387398440282,0.2,1.0954451150103321,0.8902374418560435,0.7880600272189239,Higher in Halitosis,,0.9361508691683307,0.8568166795076921
Porphyromonas endodontalis,0.5686274509803921,0.5694444444444444,0.5666666666666667,2.0,0.0,22.0,4.0,0.0,19.5,26.0,67.43927889611639,21.866666666666667,44.65324897113491,0.8903493502531651,0.7175310163307254,Higher in Halitosis,0.9465819407954703,0.9361508691683307,0.8032018339093204
Haemophilus paraphrohaemolyticus,0.058823529411764705,0.05555555555555555,0.06666666666666667,0.0,0.0,0.0,0.0,0.0,0.0,0.6111111111111112,2.846077387303917,0.26666666666666666,1.048260737942924,0.8925556081041193,0.37458645650248323,Higher in Halitosis,,0.9361508691683307,0.5311450631007374
Actinomyces oricola,0.029411764705882353,0.027777777777777776,0.03333333333333333,0.0,0.0,0.0,0.0,0.0,0.0,0.8055555555555556,6.716888298863196,0.03333333333333333,0.18257418583505533,0.900157720773691,0.33302356055025195,Higher in Halitosis,,0.9376789801206902,0.4887540025341827
Rothia aeria,0.9117647058823529,0.8888888888888888,0.9666666666666667,104.5,40.75,236.25,75.0,51.0,227.5,196.54166666666666,286.98917570499236,169.53333333333333,198.38620178195674,0.9006033008483962,0.5873158592796048,Lower in Halitosis,0.9478188847664782,0.9376789801206902,0.7160480112021722
Porphyromonas pasteri,0.6568627450980392,0.6527777777777778,0.6666666666666666,8.5,0.0,62.0,8.5,0.0,36.5,72.5,143.09398073973503,53.666666666666664,92.30322344030714,0.9045116543518831,0.43181695080814986,Lower in Halitosis,0.9478188847664782,0.9376789801206902,0.5838706969548128
Schwartzia succinivorans,0.4215686274509804,0.4166666666666667,0.43333333333333335,0.0,0.0,6.0,0.0,0.0,7.0,15.402777777777779,80.4773889550372,5.333333333333333,9.308258599809072,0.9055893304947045,0.2993385780967571,Higher in Halitosis,0.9478188847664782,0.9376789801206902,0.48129511271959075
Treponema putidum,0.029411764705882353,0.027777777777777776,0.03333333333333333,0.0,0.0,0.0,0.0,0.0,0.0,0.4305555555555556,2.726119818437139,0.06666666666666667,0.3651483716701107,0.9101001865877287,0.2708819583756997,Higher in Halitosis,,0.9376789801206902,0.48129511271959075
Fusobacterium necrophorum,0.029411764705882353,0.027777777777777776,0.03333333333333333,0.0,0.0,0.0,0.0,0.0,0.0,0.875,6.744716241851735,0.03333333333333333,0.18257418583505536,0.9101001865877287,0.2936563612961536,Higher in Halitosis,,0.9376789801206902,0.48129511271959075
Paraprevotella clara,0.029411764705882353,0.027777777777777776,0.03333333333333333,0.0,0.0,0.0,0.0,0.0,0.0,0.4305555555555556,3.020243385812833,0.03333333333333333,0.18257418583505533,0.9101001865877287,0.2702004829715528,Higher in Halitosis,,0.9376789801206902,0.48129511271959075
Megasphaera micronuciformis,0.7745098039215687,0.7916666666666666,0.7333333333333333,8.5,2.0,24.75,9.5,0.25,26.0,29.430555555555557,65.15395124677623,24.266666666666666,45.63644439996684,0.9146596342393438,0.6498600412006504,Higher in Halitosis,0.9523775573007601,0.9400028482862778,0.7597217673635112
Prevotella nanceiensis,0.696078431372549,0.7083333333333334,0.6666666666666666,6.5,0.0,47.25,6.5,0.0,47.75,46.958333333333336,88.20469750513195,36.766666666666666,64.50270421133298,0.9287551070576743,0.5184768554525812,Lower in Halitosis,0.9620950339776934,0.9520906625113847,0.6528967809402875
Prevotella jejuni,0.5196078431372549,0.5138888888888888,0.5333333333333333,3.5,0.0,47.25,3.0,0.0,48.75,48.791666666666664,89.62408779271372,52.833333333333336,113.12583269522707,0.9348212613426843,0.8624716304424835,Lower in Halitosis,0.9621075291926378,0.9559074552075569,0.9092724165905253
Actinomyces naeslundii,0.803921568627451,0.8194444444444444,0.7666666666666667,34.5,16.25,61.0,40.5,6.75,73.75,98.23611111111111,326.0284050986085,88.2,173.19878951555975,0.9382929863908398,0.8406000673040004,Higher in Halitosis,0.9621075291926378,0.9570588461186567,0.8931375715105004
Neisseria shayeganii,0.09803921568627451,0.09722222222222222,0.1,0.0,0.0,0.0,0.0,0.0,0.0,2.9722222222222223,15.331062293543566,0.4666666666666667,1.5477087254553343,0.9432643800396167,0.17477728625951036,Lower in Halitosis,,0.9580515080958096,0.48129511271959075
Fusobacterium periodonticum,0.7549019607843137,0.7083333333333334,0.8666666666666667,42.5,0.0,93.5,34.0,9.25,66.75,82.23611111111111,119.29198325608716,67.1,99.71419502585964,0.9439625153296949,0.5128510291056986,Higher in Halitosis,0.9630324651343352,0.9580515080958096,0.6478118262387772
Lacticaseibacillus paracasei,0.06862745098039216,0.06944444444444445,0.06666666666666667,0.0,0.0,0.0,0.0,0.0,0.0,1.9861111111111112,11.675776121689662,0.9333333333333333,4.266415222475974,0.9599059856373434,0.5070770465784368,Lower in Halitosis,,0.9718154891812311,0.6445091433146486
Streptococcus parasanguinis,0.9313725490196079,0.9305555555555556,0.9333333333333333,374.0,182.5,743.25,353.0,179.75,722.75,566.75,622.8005750944906,650.5333333333333,1044.660404590669,0.9677741285366411,0.6841353833074293,Lower in Halitosis,0.9823636882633242,0.9773560506013603,0.779685017847573
Prevotella shahii,0.38235294117647056,0.3888888888888889,0.36666666666666664,0.0,0.0,8.0,0.0,0.0,9.75,8.027777777777779,17.99058613159595,8.2,19.148061934881788,0.9731927191313466,0.9665644195123886,Lower in Halitosis,0.9829246463226601,0.9804015540878751,0.9785565338983984
Prevotella loescheii,0.06862745098039216,0.06944444444444445,0.06666666666666667,0.0,0.0,0.0,0.0,0.0,0.0,0.5,2.4147434471373885,0.6,2.633995260907423,0.9799466602277915,0.8586897492100564,Lower in Halitosis,,0.9847739836771895,0.9092724165905253
Actinomyces gerencseriae,0.6372549019607843,0.6388888888888888,0.6333333333333333,1.0,0.0,15.25,1.5,0.0,16.5,21.38888888888889,50.95580950874695,12.233333333333333,19.270637541720507,0.9849622559948916,0.19138029532969333,Higher in Halitosis,0.9882648546344426,0.9873823106779257,0.48129511271959075
Veillonella tobetsuensis,0.8627450980392157,0.8472222222222222,0.9,54.0,11.5,128.25,56.5,23.25,88.75,109.5,168.2176658338581,78.76666666666667,97.46853898542864,0.9882648546344426,0.2517161033726236,Higher in Halitosis,0.9882648546344426,0.9882648546344426,0.48129511271959075
